C1.1_Inherited Stroke	CUH_Inherited Stroke_1.0	HGNC:12269	
C1.1_Inherited Stroke	CUH_Inherited Stroke_1.0	HGNC:2202	
C1.1_Inherited Stroke	CUH_Inherited Stroke_1.0	HGNC:2203	
C1.1_Inherited Stroke	CUH_Inherited Stroke_1.0	HGNC:4296	
C1.1_Inherited Stroke	CUH_Inherited Stroke_1.0	HGNC:7883	
C1.1_Inherited Stroke	CUH_Inherited Stroke_1.0	HGNC:9251	
C1.1_Inherited Stroke	CUH_Inherited Stroke_1.0	HGNC:9476	
C2.1_INSR	CUH_INSR_1.0	HGNC:6091	
R106.1_Alstrom syndrome_G	Alstrom syndrome_1.0	HGNC:428	1210
R134.1_Familial hypercholesterolaemia_P	Familial hypercholesterolaemia (GMS)_2.0	HGNC:18640	772
R134.1_Familial hypercholesterolaemia_P	Familial hypercholesterolaemia (GMS)_2.0	HGNC:20001	772
R134.1_Familial hypercholesterolaemia_P	Familial hypercholesterolaemia (GMS)_2.0	HGNC:603	772
R134.1_Familial hypercholesterolaemia_P	Familial hypercholesterolaemia (GMS)_2.0	HGNC:613	772
R134.1_Familial hypercholesterolaemia_P	Familial hypercholesterolaemia (GMS)_2.0	HGNC:6547	772
R134.2_Familial hypercholesterolaemia_P	Familial hypercholesterolaemia (GMS)_2.0	HGNC:18640	772
R134.2_Familial hypercholesterolaemia_P	Familial hypercholesterolaemia (GMS)_2.0	HGNC:20001	772
R134.2_Familial hypercholesterolaemia_P	Familial hypercholesterolaemia (GMS)_2.0	HGNC:603	772
R134.2_Familial hypercholesterolaemia_P	Familial hypercholesterolaemia (GMS)_2.0	HGNC:613	772
R134.2_Familial hypercholesterolaemia_P	Familial hypercholesterolaemia (GMS)_2.0	HGNC:6547	772
R145.1_Congenital hypothyroidism_P	Congenital hypothyroidism_2.2	HGNC:10923	31
R145.1_Congenital hypothyroidism_P	Congenital hypothyroidism_2.2	HGNC:11040	31
R145.1_Congenital hypothyroidism_P	Congenital hypothyroidism_2.2	HGNC:11585	31
R145.1_Congenital hypothyroidism_P	Congenital hypothyroidism_2.2	HGNC:11764	31
R145.1_Congenital hypothyroidism_P	Congenital hypothyroidism_2.2	HGNC:11796	31
R145.1_Congenital hypothyroidism_P	Congenital hypothyroidism_2.2	HGNC:11799	31
R145.1_Congenital hypothyroidism_P	Congenital hypothyroidism_2.2	HGNC:11825	31
R145.1_Congenital hypothyroidism_P	Congenital hypothyroidism_2.2	HGNC:12015	31
R145.1_Congenital hypothyroidism_P	Congenital hypothyroidism_2.2	HGNC:12299	31
R145.1_Congenital hypothyroidism_P	Congenital hypothyroidism_2.2	HGNC:12372	31
R145.1_Congenital hypothyroidism_P	Congenital hypothyroidism_2.2	HGNC:12373	31
R145.1_Congenital hypothyroidism_P	Congenital hypothyroidism_2.2	HGNC:13273	31
R145.1_Congenital hypothyroidism_P	Congenital hypothyroidism_2.2	HGNC:14467	31
R145.1_Congenital hypothyroidism_P	Congenital hypothyroidism_2.2	HGNC:21071	31
R145.1_Congenital hypothyroidism_P	Congenital hypothyroidism_2.2	HGNC:21734	31
R145.1_Congenital hypothyroidism_P	Congenital hypothyroidism_2.2	HGNC:28510	31
R145.1_Congenital hypothyroidism_P	Congenital hypothyroidism_2.2	HGNC:30972	31
R145.1_Congenital hypothyroidism_P	Congenital hypothyroidism_2.2	HGNC:32698	31
R145.1_Congenital hypothyroidism_P	Congenital hypothyroidism_2.2	HGNC:3806	31
R145.1_Congenital hypothyroidism_P	Congenital hypothyroidism_2.2	HGNC:4392	31
R145.1_Congenital hypothyroidism_P	Congenital hypothyroidism_2.2	HGNC:4877	31
R145.1_Congenital hypothyroidism_P	Congenital hypothyroidism_2.2	HGNC:5948	31
R145.1_Congenital hypothyroidism_P	Congenital hypothyroidism_2.2	HGNC:6128	31
R145.1_Congenital hypothyroidism_P	Congenital hypothyroidism_2.2	HGNC:6595	31
R145.1_Congenital hypothyroidism_P	Congenital hypothyroidism_2.2	HGNC:8522	31
R145.1_Congenital hypothyroidism_P	Congenital hypothyroidism_2.2	HGNC:8622	31
R145.1_Congenital hypothyroidism_P	Congenital hypothyroidism_2.2	HGNC:8818	31
R145.1_Congenital hypothyroidism_P	Congenital hypothyroidism_2.2	HGNC:9210	31
R145.1_Congenital hypothyroidism_P	Congenital hypothyroidism_2.2	HGNC:9388	31
R145.1_Congenital hypothyroidism_P	Congenital hypothyroidism_2.2	HGNC:9455	31
R145.2_Congenital hypothyroidism_P	Congenital hypothyroidism_2.2	HGNC:10923	31
R145.2_Congenital hypothyroidism_P	Congenital hypothyroidism_2.2	HGNC:11040	31
R145.2_Congenital hypothyroidism_P	Congenital hypothyroidism_2.2	HGNC:11585	31
R145.2_Congenital hypothyroidism_P	Congenital hypothyroidism_2.2	HGNC:11764	31
R145.2_Congenital hypothyroidism_P	Congenital hypothyroidism_2.2	HGNC:11796	31
R145.2_Congenital hypothyroidism_P	Congenital hypothyroidism_2.2	HGNC:11799	31
R145.2_Congenital hypothyroidism_P	Congenital hypothyroidism_2.2	HGNC:11825	31
R145.2_Congenital hypothyroidism_P	Congenital hypothyroidism_2.2	HGNC:12015	31
R145.2_Congenital hypothyroidism_P	Congenital hypothyroidism_2.2	HGNC:12299	31
R145.2_Congenital hypothyroidism_P	Congenital hypothyroidism_2.2	HGNC:12372	31
R145.2_Congenital hypothyroidism_P	Congenital hypothyroidism_2.2	HGNC:12373	31
R145.2_Congenital hypothyroidism_P	Congenital hypothyroidism_2.2	HGNC:13273	31
R145.2_Congenital hypothyroidism_P	Congenital hypothyroidism_2.2	HGNC:14467	31
R145.2_Congenital hypothyroidism_P	Congenital hypothyroidism_2.2	HGNC:21071	31
R145.2_Congenital hypothyroidism_P	Congenital hypothyroidism_2.2	HGNC:21734	31
R145.2_Congenital hypothyroidism_P	Congenital hypothyroidism_2.2	HGNC:28510	31
R145.2_Congenital hypothyroidism_P	Congenital hypothyroidism_2.2	HGNC:30972	31
R145.2_Congenital hypothyroidism_P	Congenital hypothyroidism_2.2	HGNC:32698	31
R145.2_Congenital hypothyroidism_P	Congenital hypothyroidism_2.2	HGNC:3806	31
R145.2_Congenital hypothyroidism_P	Congenital hypothyroidism_2.2	HGNC:4392	31
R145.2_Congenital hypothyroidism_P	Congenital hypothyroidism_2.2	HGNC:4877	31
R145.2_Congenital hypothyroidism_P	Congenital hypothyroidism_2.2	HGNC:5948	31
R145.2_Congenital hypothyroidism_P	Congenital hypothyroidism_2.2	HGNC:6128	31
R145.2_Congenital hypothyroidism_P	Congenital hypothyroidism_2.2	HGNC:6595	31
R145.2_Congenital hypothyroidism_P	Congenital hypothyroidism_2.2	HGNC:8522	31
R145.2_Congenital hypothyroidism_P	Congenital hypothyroidism_2.2	HGNC:8622	31
R145.2_Congenital hypothyroidism_P	Congenital hypothyroidism_2.2	HGNC:8818	31
R145.2_Congenital hypothyroidism_P	Congenital hypothyroidism_2.2	HGNC:9210	31
R145.2_Congenital hypothyroidism_P	Congenital hypothyroidism_2.2	HGNC:9388	31
R145.2_Congenital hypothyroidism_P	Congenital hypothyroidism_2.2	HGNC:9455	31
R146.2_Differences in sex development_P	Disorders of sex development_4.0	HGNC:10298	9
R146.2_Differences in sex development_P	Disorders of sex development_4.0	HGNC:10817	9
R146.2_Differences in sex development_P	Disorders of sex development_4.0	HGNC:11190	9
R146.2_Differences in sex development_P	Disorders of sex development_4.0	HGNC:11204	9
R146.2_Differences in sex development_P	Disorders of sex development_4.0	HGNC:11285	9
R146.2_Differences in sex development_P	Disorders of sex development_4.0	HGNC:11311	9
R146.2_Differences in sex development_P	Disorders of sex development_4.0	HGNC:11359	9
R146.2_Differences in sex development_P	Disorders of sex development_4.0	HGNC:1181	9
R146.2_Differences in sex development_P	Disorders of sex development_4.0	HGNC:12382	9
R146.2_Differences in sex development_P	Disorders of sex development_4.0	HGNC:12796	9
R146.2_Differences in sex development_P	Disorders of sex development_4.0	HGNC:1348	9
R146.2_Differences in sex development_P	Disorders of sex development_4.0	HGNC:15954	9
R146.2_Differences in sex development_P	Disorders of sex development_4.0	HGNC:17210	9
R146.2_Differences in sex development_P	Disorders of sex development_4.0	HGNC:1786	9
R146.2_Differences in sex development_P	Disorders of sex development_4.0	HGNC:18060	9
R146.2_Differences in sex development_P	Disorders of sex development_4.0	HGNC:20626	9
R146.2_Differences in sex development_P	Disorders of sex development_4.0	HGNC:21679	9
R146.2_Differences in sex development_P	Disorders of sex development_4.0	HGNC:2555	9
R146.2_Differences in sex development_P	Disorders of sex development_4.0	HGNC:2568	9
R146.2_Differences in sex development_P	Disorders of sex development_4.0	HGNC:2570	9
R146.2_Differences in sex development_P	Disorders of sex development_4.0	HGNC:2590	9
R146.2_Differences in sex development_P	Disorders of sex development_4.0	HGNC:2591	9
R146.2_Differences in sex development_P	Disorders of sex development_4.0	HGNC:2593	9
R146.2_Differences in sex development_P	Disorders of sex development_4.0	HGNC:2594	9
R146.2_Differences in sex development_P	Disorders of sex development_4.0	HGNC:2600	9
R146.2_Differences in sex development_P	Disorders of sex development_4.0	HGNC:28005	9
R146.2_Differences in sex development_P	Disorders of sex development_4.0	HGNC:2860	9
R146.2_Differences in sex development_P	Disorders of sex development_4.0	HGNC:2865	9
R146.2_Differences in sex development_P	Disorders of sex development_4.0	HGNC:4173	9
R146.2_Differences in sex development_P	Disorders of sex development_4.0	HGNC:464	9
R146.2_Differences in sex development_P	Disorders of sex development_4.0	HGNC:465	9
R146.2_Differences in sex development_P	Disorders of sex development_4.0	HGNC:5102	9
R146.2_Differences in sex development_P	Disorders of sex development_4.0	HGNC:5212	9
R146.2_Differences in sex development_P	Disorders of sex development_4.0	HGNC:5218	9
R146.2_Differences in sex development_P	Disorders of sex development_4.0	HGNC:644	9
R146.2_Differences in sex development_P	Disorders of sex development_4.0	HGNC:6585	9
R146.2_Differences in sex development_P	Disorders of sex development_4.0	HGNC:6848	9
R146.2_Differences in sex development_P	Disorders of sex development_4.0	HGNC:7618	9
R146.2_Differences in sex development_P	Disorders of sex development_4.0	HGNC:7960	9
R146.2_Differences in sex development_P	Disorders of sex development_4.0	HGNC:7976	9
R146.2_Differences in sex development_P	Disorders of sex development_4.0	HGNC:7978	9
R146.2_Differences in sex development_P	Disorders of sex development_4.0	HGNC:7983	9
R146.2_Differences in sex development_P	Disorders of sex development_4.0	HGNC:886	9
R146.2_Differences in sex development_P	Disorders of sex development_4.0	HGNC:9208	9
R146.3_Differences in sex development_P	Disorders of sex development_4.0	HGNC:10298	9
R146.3_Differences in sex development_P	Disorders of sex development_4.0	HGNC:10817	9
R146.3_Differences in sex development_P	Disorders of sex development_4.0	HGNC:11190	9
R146.3_Differences in sex development_P	Disorders of sex development_4.0	HGNC:11204	9
R146.3_Differences in sex development_P	Disorders of sex development_4.0	HGNC:11285	9
R146.3_Differences in sex development_P	Disorders of sex development_4.0	HGNC:11311	9
R146.3_Differences in sex development_P	Disorders of sex development_4.0	HGNC:11359	9
R146.3_Differences in sex development_P	Disorders of sex development_4.0	HGNC:1181	9
R146.3_Differences in sex development_P	Disorders of sex development_4.0	HGNC:12382	9
R146.3_Differences in sex development_P	Disorders of sex development_4.0	HGNC:12796	9
R146.3_Differences in sex development_P	Disorders of sex development_4.0	HGNC:1348	9
R146.3_Differences in sex development_P	Disorders of sex development_4.0	HGNC:15954	9
R146.3_Differences in sex development_P	Disorders of sex development_4.0	HGNC:17210	9
R146.3_Differences in sex development_P	Disorders of sex development_4.0	HGNC:1786	9
R146.3_Differences in sex development_P	Disorders of sex development_4.0	HGNC:18060	9
R146.3_Differences in sex development_P	Disorders of sex development_4.0	HGNC:20626	9
R146.3_Differences in sex development_P	Disorders of sex development_4.0	HGNC:21679	9
R146.3_Differences in sex development_P	Disorders of sex development_4.0	HGNC:2555	9
R146.3_Differences in sex development_P	Disorders of sex development_4.0	HGNC:2568	9
R146.3_Differences in sex development_P	Disorders of sex development_4.0	HGNC:2570	9
R146.3_Differences in sex development_P	Disorders of sex development_4.0	HGNC:2590	9
R146.3_Differences in sex development_P	Disorders of sex development_4.0	HGNC:2591	9
R146.3_Differences in sex development_P	Disorders of sex development_4.0	HGNC:2593	9
R146.3_Differences in sex development_P	Disorders of sex development_4.0	HGNC:2594	9
R146.3_Differences in sex development_P	Disorders of sex development_4.0	HGNC:2600	9
R146.3_Differences in sex development_P	Disorders of sex development_4.0	HGNC:28005	9
R146.3_Differences in sex development_P	Disorders of sex development_4.0	HGNC:2860	9
R146.3_Differences in sex development_P	Disorders of sex development_4.0	HGNC:2865	9
R146.3_Differences in sex development_P	Disorders of sex development_4.0	HGNC:4173	9
R146.3_Differences in sex development_P	Disorders of sex development_4.0	HGNC:464	9
R146.3_Differences in sex development_P	Disorders of sex development_4.0	HGNC:465	9
R146.3_Differences in sex development_P	Disorders of sex development_4.0	HGNC:5102	9
R146.3_Differences in sex development_P	Disorders of sex development_4.0	HGNC:5212	9
R146.3_Differences in sex development_P	Disorders of sex development_4.0	HGNC:5218	9
R146.3_Differences in sex development_P	Disorders of sex development_4.0	HGNC:644	9
R146.3_Differences in sex development_P	Disorders of sex development_4.0	HGNC:6585	9
R146.3_Differences in sex development_P	Disorders of sex development_4.0	HGNC:6848	9
R146.3_Differences in sex development_P	Disorders of sex development_4.0	HGNC:7618	9
R146.3_Differences in sex development_P	Disorders of sex development_4.0	HGNC:7960	9
R146.3_Differences in sex development_P	Disorders of sex development_4.0	HGNC:7976	9
R146.3_Differences in sex development_P	Disorders of sex development_4.0	HGNC:7978	9
R146.3_Differences in sex development_P	Disorders of sex development_4.0	HGNC:7983	9
R146.3_Differences in sex development_P	Disorders of sex development_4.0	HGNC:886	9
R146.3_Differences in sex development_P	Disorders of sex development_4.0	HGNC:9208	9
R147.1_Growth failure in early childhood_P	Growth failure in early childhood_3.0	HGNC:10023	473
R147.1_Growth failure in early childhood_P	Growth failure in early childhood_3.0	HGNC:1058	473
R147.1_Growth failure in early childhood_P	Growth failure in early childhood_3.0	HGNC:10853	473
R147.1_Growth failure in early childhood_P	Growth failure in early childhood_3.0	HGNC:1097	473
R147.1_Growth failure in early childhood_P	Growth failure in early childhood_3.0	HGNC:1101	473
R147.1_Growth failure in early childhood_P	Growth failure in early childhood_3.0	HGNC:11187	473
R147.1_Growth failure in early childhood_P	Growth failure in early childhood_3.0	HGNC:11188	473
R147.1_Growth failure in early childhood_P	Growth failure in early childhood_3.0	HGNC:11367	473
R147.1_Growth failure in early childhood_P	Growth failure in early childhood_3.0	HGNC:11397	473
R147.1_Growth failure in early childhood_P	Growth failure in early childhood_3.0	HGNC:11992	473
R147.1_Growth failure in early childhood_P	Growth failure in early childhood_3.0	HGNC:1541	473
R147.1_Growth failure in early childhood_P	Growth failure in early childhood_3.0	HGNC:15454	473
R147.1_Growth failure in early childhood_P	Growth failure in early childhood_3.0	HGNC:15625	473
R147.1_Growth failure in early childhood_P	Growth failure in early childhood_3.0	HGNC:16974	473
R147.1_Growth failure in early childhood_P	Growth failure in early childhood_3.0	HGNC:17271	473
R147.1_Growth failure in early childhood_P	Growth failure in early childhood_3.0	HGNC:17722	473
R147.1_Growth failure in early childhood_P	Growth failure in early childhood_3.0	HGNC:1786	473
R147.1_Growth failure in early childhood_P	Growth failure in early childhood_3.0	HGNC:18620	473
R147.1_Growth failure in early childhood_P	Growth failure in early childhood_3.0	HGNC:18666	473
R147.1_Growth failure in early childhood_P	Growth failure in early childhood_3.0	HGNC:18791	473
R147.1_Growth failure in early childhood_P	Growth failure in early childhood_3.0	HGNC:19988	473
R147.1_Growth failure in early childhood_P	Growth failure in early childhood_3.0	HGNC:20473	473
R147.1_Growth failure in early childhood_P	Growth failure in early childhood_3.0	HGNC:20748	473
R147.1_Growth failure in early childhood_P	Growth failure in early childhood_3.0	HGNC:21024	473
R147.1_Growth failure in early childhood_P	Growth failure in early childhood_3.0	HGNC:21316	473
R147.1_Growth failure in early childhood_P	Growth failure in early childhood_3.0	HGNC:23845	473
R147.1_Growth failure in early childhood_P	Growth failure in early childhood_3.0	HGNC:24555	473
R147.1_Growth failure in early childhood_P	Growth failure in early childhood_3.0	HGNC:24731	473
R147.1_Growth failure in early childhood_P	Growth failure in early childhood_3.0	HGNC:25009	473
R147.1_Growth failure in early childhood_P	Growth failure in early childhood_3.0	HGNC:25367	473
R147.1_Growth failure in early childhood_P	Growth failure in early childhood_3.0	HGNC:25568	473
R147.1_Growth failure in early childhood_P	Growth failure in early childhood_3.0	HGNC:26144	473
R147.1_Growth failure in early childhood_P	Growth failure in early childhood_3.0	HGNC:29092	473
R147.1_Growth failure in early childhood_P	Growth failure in early childhood_3.0	HGNC:29678	473
R147.1_Growth failure in early childhood_P	Growth failure in early childhood_3.0	HGNC:30794	473
R147.1_Growth failure in early childhood_P	Growth failure in early childhood_3.0	HGNC:319	473
R147.1_Growth failure in early childhood_P	Growth failure in early childhood_3.0	HGNC:3436	473
R147.1_Growth failure in early childhood_P	Growth failure in early childhood_3.0	HGNC:3582	473
R147.1_Growth failure in early childhood_P	Growth failure in early childhood_3.0	HGNC:3583	473
R147.1_Growth failure in early childhood_P	Growth failure in early childhood_3.0	HGNC:3584	473
R147.1_Growth failure in early childhood_P	Growth failure in early childhood_3.0	HGNC:3585	473
R147.1_Growth failure in early childhood_P	Growth failure in early childhood_3.0	HGNC:3586	473
R147.1_Growth failure in early childhood_P	Growth failure in early childhood_3.0	HGNC:3587	473
R147.1_Growth failure in early childhood_P	Growth failure in early childhood_3.0	HGNC:3588	473
R147.1_Growth failure in early childhood_P	Growth failure in early childhood_3.0	HGNC:3690	473
R147.1_Growth failure in early childhood_P	Growth failure in early childhood_3.0	HGNC:4263	473
R147.1_Growth failure in early childhood_P	Growth failure in early childhood_3.0	HGNC:5009	473
R147.1_Growth failure in early childhood_P	Growth failure in early childhood_3.0	HGNC:5173	473
R147.1_Growth failure in early childhood_P	Growth failure in early childhood_3.0	HGNC:5464	473
R147.1_Growth failure in early childhood_P	Growth failure in early childhood_3.0	HGNC:5465	473
R147.1_Growth failure in early childhood_P	Growth failure in early childhood_3.0	HGNC:5466	473
R147.1_Growth failure in early childhood_P	Growth failure in early childhood_3.0	HGNC:5468	473
R147.1_Growth failure in early childhood_P	Growth failure in early childhood_3.0	HGNC:6407	473
R147.1_Growth failure in early childhood_P	Growth failure in early childhood_3.0	HGNC:6742	473
R147.1_Growth failure in early childhood_P	Growth failure in early childhood_3.0	HGNC:6840	473
R147.1_Growth failure in early childhood_P	Growth failure in early childhood_3.0	HGNC:6842	473
R147.1_Growth failure in early childhood_P	Growth failure in early childhood_3.0	HGNC:7506	473
R147.1_Growth failure in early childhood_P	Growth failure in early childhood_3.0	HGNC:7523	473
R147.1_Growth failure in early childhood_P	Growth failure in early childhood_3.0	HGNC:7652	473
R147.1_Growth failure in early childhood_P	Growth failure in early childhood_3.0	HGNC:7944	473
R147.1_Growth failure in early childhood_P	Growth failure in early childhood_3.0	HGNC:7989	473
R147.1_Growth failure in early childhood_P	Growth failure in early childhood_3.0	HGNC:8979	473
R147.1_Growth failure in early childhood_P	Growth failure in early childhood_3.0	HGNC:9045	473
R147.1_Growth failure in early childhood_P	Growth failure in early childhood_3.0	HGNC:9282	473
R147.1_Growth failure in early childhood_P	Growth failure in early childhood_3.0	HGNC:9644	473
R147.1_Growth failure in early childhood_P	Growth failure in early childhood_3.0	HGNC:9829	473
R147.4_Growth failure in early childhood_P	Growth failure in early childhood_3.0	HGNC:10023	473
R147.4_Growth failure in early childhood_P	Growth failure in early childhood_3.0	HGNC:1058	473
R147.4_Growth failure in early childhood_P	Growth failure in early childhood_3.0	HGNC:10853	473
R147.4_Growth failure in early childhood_P	Growth failure in early childhood_3.0	HGNC:1097	473
R147.4_Growth failure in early childhood_P	Growth failure in early childhood_3.0	HGNC:1101	473
R147.4_Growth failure in early childhood_P	Growth failure in early childhood_3.0	HGNC:11187	473
R147.4_Growth failure in early childhood_P	Growth failure in early childhood_3.0	HGNC:11188	473
R147.4_Growth failure in early childhood_P	Growth failure in early childhood_3.0	HGNC:11367	473
R147.4_Growth failure in early childhood_P	Growth failure in early childhood_3.0	HGNC:11397	473
R147.4_Growth failure in early childhood_P	Growth failure in early childhood_3.0	HGNC:11992	473
R147.4_Growth failure in early childhood_P	Growth failure in early childhood_3.0	HGNC:1541	473
R147.4_Growth failure in early childhood_P	Growth failure in early childhood_3.0	HGNC:15454	473
R147.4_Growth failure in early childhood_P	Growth failure in early childhood_3.0	HGNC:15625	473
R147.4_Growth failure in early childhood_P	Growth failure in early childhood_3.0	HGNC:16974	473
R147.4_Growth failure in early childhood_P	Growth failure in early childhood_3.0	HGNC:17271	473
R147.4_Growth failure in early childhood_P	Growth failure in early childhood_3.0	HGNC:17722	473
R147.4_Growth failure in early childhood_P	Growth failure in early childhood_3.0	HGNC:1786	473
R147.4_Growth failure in early childhood_P	Growth failure in early childhood_3.0	HGNC:18620	473
R147.4_Growth failure in early childhood_P	Growth failure in early childhood_3.0	HGNC:18666	473
R147.4_Growth failure in early childhood_P	Growth failure in early childhood_3.0	HGNC:18791	473
R147.4_Growth failure in early childhood_P	Growth failure in early childhood_3.0	HGNC:19988	473
R147.4_Growth failure in early childhood_P	Growth failure in early childhood_3.0	HGNC:20473	473
R147.4_Growth failure in early childhood_P	Growth failure in early childhood_3.0	HGNC:20748	473
R147.4_Growth failure in early childhood_P	Growth failure in early childhood_3.0	HGNC:21024	473
R147.4_Growth failure in early childhood_P	Growth failure in early childhood_3.0	HGNC:21316	473
R147.4_Growth failure in early childhood_P	Growth failure in early childhood_3.0	HGNC:23845	473
R147.4_Growth failure in early childhood_P	Growth failure in early childhood_3.0	HGNC:24555	473
R147.4_Growth failure in early childhood_P	Growth failure in early childhood_3.0	HGNC:24731	473
R147.4_Growth failure in early childhood_P	Growth failure in early childhood_3.0	HGNC:25009	473
R147.4_Growth failure in early childhood_P	Growth failure in early childhood_3.0	HGNC:25367	473
R147.4_Growth failure in early childhood_P	Growth failure in early childhood_3.0	HGNC:25568	473
R147.4_Growth failure in early childhood_P	Growth failure in early childhood_3.0	HGNC:26144	473
R147.4_Growth failure in early childhood_P	Growth failure in early childhood_3.0	HGNC:29092	473
R147.4_Growth failure in early childhood_P	Growth failure in early childhood_3.0	HGNC:29678	473
R147.4_Growth failure in early childhood_P	Growth failure in early childhood_3.0	HGNC:30794	473
R147.4_Growth failure in early childhood_P	Growth failure in early childhood_3.0	HGNC:319	473
R147.4_Growth failure in early childhood_P	Growth failure in early childhood_3.0	HGNC:3436	473
R147.4_Growth failure in early childhood_P	Growth failure in early childhood_3.0	HGNC:3582	473
R147.4_Growth failure in early childhood_P	Growth failure in early childhood_3.0	HGNC:3583	473
R147.4_Growth failure in early childhood_P	Growth failure in early childhood_3.0	HGNC:3584	473
R147.4_Growth failure in early childhood_P	Growth failure in early childhood_3.0	HGNC:3585	473
R147.4_Growth failure in early childhood_P	Growth failure in early childhood_3.0	HGNC:3586	473
R147.4_Growth failure in early childhood_P	Growth failure in early childhood_3.0	HGNC:3587	473
R147.4_Growth failure in early childhood_P	Growth failure in early childhood_3.0	HGNC:3588	473
R147.4_Growth failure in early childhood_P	Growth failure in early childhood_3.0	HGNC:3690	473
R147.4_Growth failure in early childhood_P	Growth failure in early childhood_3.0	HGNC:4263	473
R147.4_Growth failure in early childhood_P	Growth failure in early childhood_3.0	HGNC:5009	473
R147.4_Growth failure in early childhood_P	Growth failure in early childhood_3.0	HGNC:5173	473
R147.4_Growth failure in early childhood_P	Growth failure in early childhood_3.0	HGNC:5464	473
R147.4_Growth failure in early childhood_P	Growth failure in early childhood_3.0	HGNC:5465	473
R147.4_Growth failure in early childhood_P	Growth failure in early childhood_3.0	HGNC:5466	473
R147.4_Growth failure in early childhood_P	Growth failure in early childhood_3.0	HGNC:5468	473
R147.4_Growth failure in early childhood_P	Growth failure in early childhood_3.0	HGNC:6407	473
R147.4_Growth failure in early childhood_P	Growth failure in early childhood_3.0	HGNC:6742	473
R147.4_Growth failure in early childhood_P	Growth failure in early childhood_3.0	HGNC:6840	473
R147.4_Growth failure in early childhood_P	Growth failure in early childhood_3.0	HGNC:6842	473
R147.4_Growth failure in early childhood_P	Growth failure in early childhood_3.0	HGNC:7506	473
R147.4_Growth failure in early childhood_P	Growth failure in early childhood_3.0	HGNC:7523	473
R147.4_Growth failure in early childhood_P	Growth failure in early childhood_3.0	HGNC:7652	473
R147.4_Growth failure in early childhood_P	Growth failure in early childhood_3.0	HGNC:7944	473
R147.4_Growth failure in early childhood_P	Growth failure in early childhood_3.0	HGNC:7989	473
R147.4_Growth failure in early childhood_P	Growth failure in early childhood_3.0	HGNC:8979	473
R147.4_Growth failure in early childhood_P	Growth failure in early childhood_3.0	HGNC:9045	473
R147.4_Growth failure in early childhood_P	Growth failure in early childhood_3.0	HGNC:9282	473
R147.4_Growth failure in early childhood_P	Growth failure in early childhood_3.0	HGNC:9644	473
R147.4_Growth failure in early childhood_P	Growth failure in early childhood_3.0	HGNC:9829	473
R148.1_Hypogonadotropic hypogonadism_P	Hypogonadotropic hypogonadism (GMS)_3.0	HGNC:10728	650
R148.1_Hypogonadotropic hypogonadism_P	Hypogonadotropic hypogonadism (GMS)_3.0	HGNC:11190	650
R148.1_Hypogonadotropic hypogonadism_P	Hypogonadotropic hypogonadism (GMS)_3.0	HGNC:11521	650
R148.1_Hypogonadotropic hypogonadism_P	Hypogonadotropic hypogonadism (GMS)_3.0	HGNC:11528	650
R148.1_Hypogonadotropic hypogonadism_P	Hypogonadotropic hypogonadism (GMS)_3.0	HGNC:13831	650
R148.1_Hypogonadotropic hypogonadism_P	Hypogonadotropic hypogonadism (GMS)_3.0	HGNC:15527	650
R148.1_Hypogonadotropic hypogonadism_P	Hypogonadotropic hypogonadism (GMS)_3.0	HGNC:15836	650
R148.1_Hypogonadotropic hypogonadism_P	Hypogonadotropic hypogonadism (GMS)_3.0	HGNC:17616	650
R148.1_Hypogonadotropic hypogonadism_P	Hypogonadotropic hypogonadism (GMS)_3.0	HGNC:18455	650
R148.1_Hypogonadotropic hypogonadism_P	Hypogonadotropic hypogonadism (GMS)_3.0	HGNC:20626	650
R148.1_Hypogonadotropic hypogonadism_P	Hypogonadotropic hypogonadism (GMS)_3.0	HGNC:26256	650
R148.1_Hypogonadotropic hypogonadism_P	Hypogonadotropic hypogonadism (GMS)_3.0	HGNC:3686	650
R148.1_Hypogonadotropic hypogonadism_P	Hypogonadotropic hypogonadism (GMS)_3.0	HGNC:3688	650
R148.1_Hypogonadotropic hypogonadism_P	Hypogonadotropic hypogonadism (GMS)_3.0	HGNC:3964	650
R148.1_Hypogonadotropic hypogonadism_P	Hypogonadotropic hypogonadism (GMS)_3.0	HGNC:4419	650
R148.1_Hypogonadotropic hypogonadism_P	Hypogonadotropic hypogonadism (GMS)_3.0	HGNC:4421	650
R148.1_Hypogonadotropic hypogonadism_P	Hypogonadotropic hypogonadism (GMS)_3.0	HGNC:4510	650
R148.1_Hypogonadotropic hypogonadism_P	Hypogonadotropic hypogonadism (GMS)_3.0	HGNC:6211	650
R148.1_Hypogonadotropic hypogonadism_P	Hypogonadotropic hypogonadism (GMS)_3.0	HGNC:6553	650
R148.1_Hypogonadotropic hypogonadism_P	Hypogonadotropic hypogonadism (GMS)_3.0	HGNC:6554	650
R148.1_Hypogonadotropic hypogonadism_P	Hypogonadotropic hypogonadism (GMS)_3.0	HGNC:6584	650
R148.1_Hypogonadotropic hypogonadism_P	Hypogonadotropic hypogonadism (GMS)_3.0	HGNC:9101	650
R148.2_Hypogonadotropic hypogonadism_P	Hypogonadotropic hypogonadism (GMS)_3.0	HGNC:10728	650
R148.2_Hypogonadotropic hypogonadism_P	Hypogonadotropic hypogonadism (GMS)_3.0	HGNC:11190	650
R148.2_Hypogonadotropic hypogonadism_P	Hypogonadotropic hypogonadism (GMS)_3.0	HGNC:11521	650
R148.2_Hypogonadotropic hypogonadism_P	Hypogonadotropic hypogonadism (GMS)_3.0	HGNC:11528	650
R148.2_Hypogonadotropic hypogonadism_P	Hypogonadotropic hypogonadism (GMS)_3.0	HGNC:13831	650
R148.2_Hypogonadotropic hypogonadism_P	Hypogonadotropic hypogonadism (GMS)_3.0	HGNC:15527	650
R148.2_Hypogonadotropic hypogonadism_P	Hypogonadotropic hypogonadism (GMS)_3.0	HGNC:15836	650
R148.2_Hypogonadotropic hypogonadism_P	Hypogonadotropic hypogonadism (GMS)_3.0	HGNC:17616	650
R148.2_Hypogonadotropic hypogonadism_P	Hypogonadotropic hypogonadism (GMS)_3.0	HGNC:18455	650
R148.2_Hypogonadotropic hypogonadism_P	Hypogonadotropic hypogonadism (GMS)_3.0	HGNC:20626	650
R148.2_Hypogonadotropic hypogonadism_P	Hypogonadotropic hypogonadism (GMS)_3.0	HGNC:26256	650
R148.2_Hypogonadotropic hypogonadism_P	Hypogonadotropic hypogonadism (GMS)_3.0	HGNC:3686	650
R148.2_Hypogonadotropic hypogonadism_P	Hypogonadotropic hypogonadism (GMS)_3.0	HGNC:3688	650
R148.2_Hypogonadotropic hypogonadism_P	Hypogonadotropic hypogonadism (GMS)_3.0	HGNC:3964	650
R148.2_Hypogonadotropic hypogonadism_P	Hypogonadotropic hypogonadism (GMS)_3.0	HGNC:4419	650
R148.2_Hypogonadotropic hypogonadism_P	Hypogonadotropic hypogonadism (GMS)_3.0	HGNC:4421	650
R148.2_Hypogonadotropic hypogonadism_P	Hypogonadotropic hypogonadism (GMS)_3.0	HGNC:4510	650
R148.2_Hypogonadotropic hypogonadism_P	Hypogonadotropic hypogonadism (GMS)_3.0	HGNC:6211	650
R148.2_Hypogonadotropic hypogonadism_P	Hypogonadotropic hypogonadism (GMS)_3.0	HGNC:6553	650
R148.2_Hypogonadotropic hypogonadism_P	Hypogonadotropic hypogonadism (GMS)_3.0	HGNC:6554	650
R148.2_Hypogonadotropic hypogonadism_P	Hypogonadotropic hypogonadism (GMS)_3.0	HGNC:6584	650
R148.2_Hypogonadotropic hypogonadism_P	Hypogonadotropic hypogonadism (GMS)_3.0	HGNC:9101	650
R149.1_Severe early-onset obesity_P	Severe early-onset obesity_4.0	HGNC:10671	130
R149.1_Severe early-onset obesity_P	Severe early-onset obesity_4.0	HGNC:10882	130
R149.1_Severe early-onset obesity_P	Severe early-onset obesity_4.0	HGNC:13210	130
R149.1_Severe early-onset obesity_P	Severe early-onset obesity_4.0	HGNC:15673	130
R149.1_Severe early-onset obesity_P	Severe early-onset obesity_4.0	HGNC:18145	130
R149.1_Severe early-onset obesity_P	Severe early-onset obesity_4.0	HGNC:18758	130
R149.1_Severe early-onset obesity_P	Severe early-onset obesity_4.0	HGNC:20087	130
R149.1_Severe early-onset obesity_P	Severe early-onset obesity_4.0	HGNC:20898	130
R149.1_Severe early-onset obesity_P	Severe early-onset obesity_4.0	HGNC:2183	130
R149.1_Severe early-onset obesity_P	Severe early-onset obesity_4.0	HGNC:2303	130
R149.1_Severe early-onset obesity_P	Severe early-onset obesity_4.0	HGNC:26291	130
R149.1_Severe early-onset obesity_P	Severe early-onset obesity_4.0	HGNC:26648	130
R149.1_Severe early-onset obesity_P	Severe early-onset obesity_4.0	HGNC:28209	130
R149.1_Severe early-onset obesity_P	Severe early-onset obesity_4.0	HGNC:29508	130
R149.1_Severe early-onset obesity_P	Severe early-onset obesity_4.0	HGNC:30000	130
R149.1_Severe early-onset obesity_P	Severe early-onset obesity_4.0	HGNC:428	130
R149.1_Severe early-onset obesity_P	Severe early-onset obesity_4.0	HGNC:4392	130
R149.1_Severe early-onset obesity_P	Severe early-onset obesity_4.0	HGNC:6553	130
R149.1_Severe early-onset obesity_P	Severe early-onset obesity_4.0	HGNC:6554	130
R149.1_Severe early-onset obesity_P	Severe early-onset obesity_4.0	HGNC:6932	130
R149.1_Severe early-onset obesity_P	Severe early-onset obesity_4.0	HGNC:7108	130
R149.1_Severe early-onset obesity_P	Severe early-onset obesity_4.0	HGNC:7121	130
R149.1_Severe early-onset obesity_P	Severe early-onset obesity_4.0	HGNC:7623	130
R149.1_Severe early-onset obesity_P	Severe early-onset obesity_4.0	HGNC:8032	130
R149.1_Severe early-onset obesity_P	Severe early-onset obesity_4.0	HGNC:8743	130
R149.1_Severe early-onset obesity_P	Severe early-onset obesity_4.0	HGNC:9201	130
R149.1_Severe early-onset obesity_P	Severe early-onset obesity_4.0	HGNC:966	130
R149.1_Severe early-onset obesity_P	Severe early-onset obesity_4.0	HGNC:967	130
R149.1_Severe early-onset obesity_P	Severe early-onset obesity_4.0	HGNC:969	130
R149.1_Severe early-onset obesity_P	Severe early-onset obesity_4.0	HGNC:970	130
R149.2_Severe early-onset obesity_P	Severe early-onset obesity_4.0	HGNC:10671	130
R149.2_Severe early-onset obesity_P	Severe early-onset obesity_4.0	HGNC:10882	130
R149.2_Severe early-onset obesity_P	Severe early-onset obesity_4.0	HGNC:13210	130
R149.2_Severe early-onset obesity_P	Severe early-onset obesity_4.0	HGNC:15673	130
R149.2_Severe early-onset obesity_P	Severe early-onset obesity_4.0	HGNC:18145	130
R149.2_Severe early-onset obesity_P	Severe early-onset obesity_4.0	HGNC:18758	130
R149.2_Severe early-onset obesity_P	Severe early-onset obesity_4.0	HGNC:20087	130
R149.2_Severe early-onset obesity_P	Severe early-onset obesity_4.0	HGNC:20898	130
R149.2_Severe early-onset obesity_P	Severe early-onset obesity_4.0	HGNC:2183	130
R149.2_Severe early-onset obesity_P	Severe early-onset obesity_4.0	HGNC:2303	130
R149.2_Severe early-onset obesity_P	Severe early-onset obesity_4.0	HGNC:26291	130
R149.2_Severe early-onset obesity_P	Severe early-onset obesity_4.0	HGNC:26648	130
R149.2_Severe early-onset obesity_P	Severe early-onset obesity_4.0	HGNC:28209	130
R149.2_Severe early-onset obesity_P	Severe early-onset obesity_4.0	HGNC:29508	130
R149.2_Severe early-onset obesity_P	Severe early-onset obesity_4.0	HGNC:30000	130
R149.2_Severe early-onset obesity_P	Severe early-onset obesity_4.0	HGNC:428	130
R149.2_Severe early-onset obesity_P	Severe early-onset obesity_4.0	HGNC:4392	130
R149.2_Severe early-onset obesity_P	Severe early-onset obesity_4.0	HGNC:6553	130
R149.2_Severe early-onset obesity_P	Severe early-onset obesity_4.0	HGNC:6554	130
R149.2_Severe early-onset obesity_P	Severe early-onset obesity_4.0	HGNC:6932	130
R149.2_Severe early-onset obesity_P	Severe early-onset obesity_4.0	HGNC:7108	130
R149.2_Severe early-onset obesity_P	Severe early-onset obesity_4.0	HGNC:7121	130
R149.2_Severe early-onset obesity_P	Severe early-onset obesity_4.0	HGNC:7623	130
R149.2_Severe early-onset obesity_P	Severe early-onset obesity_4.0	HGNC:8032	130
R149.2_Severe early-onset obesity_P	Severe early-onset obesity_4.0	HGNC:8743	130
R149.2_Severe early-onset obesity_P	Severe early-onset obesity_4.0	HGNC:9201	130
R149.2_Severe early-onset obesity_P	Severe early-onset obesity_4.0	HGNC:966	130
R149.2_Severe early-onset obesity_P	Severe early-onset obesity_4.0	HGNC:967	130
R149.2_Severe early-onset obesity_P	Severe early-onset obesity_4.0	HGNC:969	130
R149.2_Severe early-onset obesity_P	Severe early-onset obesity_4.0	HGNC:970	130
R151.1_Familial hyperparathyroidism or Hypocalciuric hypercalcaemia_P	Familial hyperparathyroidism or hypocalciuric hypercalcaemia_3.2	HGNC:1514	480
R151.1_Familial hyperparathyroidism or Hypocalciuric hypercalcaemia_P	Familial hyperparathyroidism or hypocalciuric hypercalcaemia_3.2	HGNC:16783	480
R151.1_Familial hyperparathyroidism or Hypocalciuric hypercalcaemia_P	Familial hyperparathyroidism or hypocalciuric hypercalcaemia_3.2	HGNC:1785	480
R151.1_Familial hyperparathyroidism or Hypocalciuric hypercalcaemia_P	Familial hyperparathyroidism or hypocalciuric hypercalcaemia_3.2	HGNC:4198	480
R151.1_Familial hyperparathyroidism or Hypocalciuric hypercalcaemia_P	Familial hyperparathyroidism or hypocalciuric hypercalcaemia_3.2	HGNC:4379	480
R151.1_Familial hyperparathyroidism or Hypocalciuric hypercalcaemia_P	Familial hyperparathyroidism or hypocalciuric hypercalcaemia_3.2	HGNC:565	480
R151.1_Familial hyperparathyroidism or Hypocalciuric hypercalcaemia_P	Familial hyperparathyroidism or hypocalciuric hypercalcaemia_3.2	HGNC:7010	480
R151.1_Familial hyperparathyroidism or Hypocalciuric hypercalcaemia_P	Familial hyperparathyroidism or hypocalciuric hypercalcaemia_3.2	HGNC:9967	480
R151.2_Familial hyperparathyroidism or Hypocalciuric hypercalcaemia_P	Familial hyperparathyroidism or hypocalciuric hypercalcaemia_3.2	HGNC:1514	480
R151.2_Familial hyperparathyroidism or Hypocalciuric hypercalcaemia_P	Familial hyperparathyroidism or hypocalciuric hypercalcaemia_3.2	HGNC:16783	480
R151.2_Familial hyperparathyroidism or Hypocalciuric hypercalcaemia_P	Familial hyperparathyroidism or hypocalciuric hypercalcaemia_3.2	HGNC:1785	480
R151.2_Familial hyperparathyroidism or Hypocalciuric hypercalcaemia_P	Familial hyperparathyroidism or hypocalciuric hypercalcaemia_3.2	HGNC:4198	480
R151.2_Familial hyperparathyroidism or Hypocalciuric hypercalcaemia_P	Familial hyperparathyroidism or hypocalciuric hypercalcaemia_3.2	HGNC:4379	480
R151.2_Familial hyperparathyroidism or Hypocalciuric hypercalcaemia_P	Familial hyperparathyroidism or hypocalciuric hypercalcaemia_3.2	HGNC:565	480
R151.2_Familial hyperparathyroidism or Hypocalciuric hypercalcaemia_P	Familial hyperparathyroidism or hypocalciuric hypercalcaemia_3.2	HGNC:7010	480
R151.2_Familial hyperparathyroidism or Hypocalciuric hypercalcaemia_P	Familial hyperparathyroidism or hypocalciuric hypercalcaemia_3.2	HGNC:9967	480
R153.1_Familial hypoparathyroidism_P	Familial hypoparathyroidism_2.2	HGNC:11582	312
R153.1_Familial hypoparathyroidism_P	Familial hypoparathyroidism_2.2	HGNC:1514	312
R153.1_Familial hypoparathyroidism_P	Familial hypoparathyroidism_2.2	HGNC:360	312
R153.1_Familial hypoparathyroidism_P	Familial hypoparathyroidism_2.2	HGNC:4172	312
R153.1_Familial hypoparathyroidism_P	Familial hypoparathyroidism_2.2	HGNC:4198	312
R153.1_Familial hypoparathyroidism_P	Familial hypoparathyroidism_2.2	HGNC:4379	312
R153.1_Familial hypoparathyroidism_P	Familial hypoparathyroidism_2.2	HGNC:9606	312
R153.2_Familial hypoparathyroidism_P	Familial hypoparathyroidism_2.2	HGNC:11582	312
R153.2_Familial hypoparathyroidism_P	Familial hypoparathyroidism_2.2	HGNC:1514	312
R153.2_Familial hypoparathyroidism_P	Familial hypoparathyroidism_2.2	HGNC:360	312
R153.2_Familial hypoparathyroidism_P	Familial hypoparathyroidism_2.2	HGNC:4172	312
R153.2_Familial hypoparathyroidism_P	Familial hypoparathyroidism_2.2	HGNC:4198	312
R153.2_Familial hypoparathyroidism_P	Familial hypoparathyroidism_2.2	HGNC:4379	312
R153.2_Familial hypoparathyroidism_P	Familial hypoparathyroidism_2.2	HGNC:9606	312
R154.1_Hypophosphataemia or rickets_P	Hypophosphataemia or rickets_3.0	HGNC:11019	482
R154.1_Hypophosphataemia or rickets_P	Hypophosphataemia or rickets_3.0	HGNC:12679	482
R154.1_Hypophosphataemia or rickets_P	Hypophosphataemia or rickets_3.0	HGNC:20305	482
R154.1_Hypophosphataemia or rickets_P	Hypophosphataemia or rickets_3.0	HGNC:20580	482
R154.1_Hypophosphataemia or rickets_P	Hypophosphataemia or rickets_3.0	HGNC:22140	482
R154.1_Hypophosphataemia or rickets_P	Hypophosphataemia or rickets_3.0	HGNC:2606	482
R154.1_Hypophosphataemia or rickets_P	Hypophosphataemia or rickets_3.0	HGNC:2932	482
R154.1_Hypophosphataemia or rickets_P	Hypophosphataemia or rickets_3.0	HGNC:3356	482
R154.1_Hypophosphataemia or rickets_P	Hypophosphataemia or rickets_3.0	HGNC:3680	482
R154.1_Hypophosphataemia or rickets_P	Hypophosphataemia or rickets_3.0	HGNC:438	482
R154.1_Hypophosphataemia or rickets_P	Hypophosphataemia or rickets_3.0	HGNC:8108	482
R154.1_Hypophosphataemia or rickets_P	Hypophosphataemia or rickets_3.0	HGNC:8918	482
R154.2_Hypophosphataemia or rickets_P	Hypophosphataemia or rickets_3.0	HGNC:11019	482
R154.2_Hypophosphataemia or rickets_P	Hypophosphataemia or rickets_3.0	HGNC:12679	482
R154.2_Hypophosphataemia or rickets_P	Hypophosphataemia or rickets_3.0	HGNC:20305	482
R154.2_Hypophosphataemia or rickets_P	Hypophosphataemia or rickets_3.0	HGNC:20580	482
R154.2_Hypophosphataemia or rickets_P	Hypophosphataemia or rickets_3.0	HGNC:22140	482
R154.2_Hypophosphataemia or rickets_P	Hypophosphataemia or rickets_3.0	HGNC:2606	482
R154.2_Hypophosphataemia or rickets_P	Hypophosphataemia or rickets_3.0	HGNC:2932	482
R154.2_Hypophosphataemia or rickets_P	Hypophosphataemia or rickets_3.0	HGNC:3356	482
R154.2_Hypophosphataemia or rickets_P	Hypophosphataemia or rickets_3.0	HGNC:3680	482
R154.2_Hypophosphataemia or rickets_P	Hypophosphataemia or rickets_3.0	HGNC:438	482
R154.2_Hypophosphataemia or rickets_P	Hypophosphataemia or rickets_3.0	HGNC:8108	482
R154.2_Hypophosphataemia or rickets_P	Hypophosphataemia or rickets_3.0	HGNC:8918	482
R156.1_Carney complex_G	Carney complex_1.0	HGNC:9388	1313
R157.1_IPEX - Immunodysregulation Polyendocrinopathy and Enteropathy, X-Linked_G	IPEX - Immunodysregulation Polyendocrinopathy and Enteropathy, X-Linked_1.0	HGNC:6106	1350
R158.1_Lipodystrophy - childhood onset_P	Lipodystrophy - childhood onset_4.0	HGNC:12877	546
R158.1_Lipodystrophy - childhood onset_P	Lipodystrophy - childhood onset_4.0	HGNC:1527	546
R158.1_Lipodystrophy - childhood onset_P	Lipodystrophy - childhood onset_4.0	HGNC:15832	546
R158.1_Lipodystrophy - childhood onset_P	Lipodystrophy - childhood onset_4.0	HGNC:25118	546
R158.1_Lipodystrophy - childhood onset_P	Lipodystrophy - childhood onset_4.0	HGNC:325	546
R158.1_Lipodystrophy - childhood onset_P	Lipodystrophy - childhood onset_4.0	HGNC:3603	546
R158.1_Lipodystrophy - childhood onset_P	Lipodystrophy - childhood onset_4.0	HGNC:6091	546
R158.1_Lipodystrophy - childhood onset_P	Lipodystrophy - childhood onset_4.0	HGNC:6267	546
R158.1_Lipodystrophy - childhood onset_P	Lipodystrophy - childhood onset_4.0	HGNC:6621	546
R158.1_Lipodystrophy - childhood onset_P	Lipodystrophy - childhood onset_4.0	HGNC:6636	546
R158.1_Lipodystrophy - childhood onset_P	Lipodystrophy - childhood onset_4.0	HGNC:7506	546
R158.1_Lipodystrophy - childhood onset_P	Lipodystrophy - childhood onset_4.0	HGNC:9076	546
R158.1_Lipodystrophy - childhood onset_P	Lipodystrophy - childhood onset_4.0	HGNC:9175	546
R158.1_Lipodystrophy - childhood onset_P	Lipodystrophy - childhood onset_4.0	HGNC:9236	546
R158.1_Lipodystrophy - childhood onset_P	Lipodystrophy - childhood onset_4.0	HGNC:9688	546
R158.2_Lipodystrophy - childhood onset_P	Lipodystrophy - childhood onset_4.0	HGNC:12877	546
R158.2_Lipodystrophy - childhood onset_P	Lipodystrophy - childhood onset_4.0	HGNC:1527	546
R158.2_Lipodystrophy - childhood onset_P	Lipodystrophy - childhood onset_4.0	HGNC:15832	546
R158.2_Lipodystrophy - childhood onset_P	Lipodystrophy - childhood onset_4.0	HGNC:25118	546
R158.2_Lipodystrophy - childhood onset_P	Lipodystrophy - childhood onset_4.0	HGNC:325	546
R158.2_Lipodystrophy - childhood onset_P	Lipodystrophy - childhood onset_4.0	HGNC:3603	546
R158.2_Lipodystrophy - childhood onset_P	Lipodystrophy - childhood onset_4.0	HGNC:6091	546
R158.2_Lipodystrophy - childhood onset_P	Lipodystrophy - childhood onset_4.0	HGNC:6267	546
R158.2_Lipodystrophy - childhood onset_P	Lipodystrophy - childhood onset_4.0	HGNC:6621	546
R158.2_Lipodystrophy - childhood onset_P	Lipodystrophy - childhood onset_4.0	HGNC:6636	546
R158.2_Lipodystrophy - childhood onset_P	Lipodystrophy - childhood onset_4.0	HGNC:7506	546
R158.2_Lipodystrophy - childhood onset_P	Lipodystrophy - childhood onset_4.0	HGNC:9076	546
R158.2_Lipodystrophy - childhood onset_P	Lipodystrophy - childhood onset_4.0	HGNC:9175	546
R158.2_Lipodystrophy - childhood onset_P	Lipodystrophy - childhood onset_4.0	HGNC:9236	546
R158.2_Lipodystrophy - childhood onset_P	Lipodystrophy - childhood onset_4.0	HGNC:9688	546
R159.1_Pituitary hormone deficiency_P	Pituitary hormone deficiency_3.0	HGNC:1097	483
R159.1_Pituitary hormone deficiency_P	Pituitary hormone deficiency_3.0	HGNC:11195	483
R159.1_Pituitary hormone deficiency_P	Pituitary hormone deficiency_3.0	HGNC:11199	483
R159.1_Pituitary hormone deficiency_P	Pituitary hormone deficiency_3.0	HGNC:1133	483
R159.1_Pituitary hormone deficiency_P	Pituitary hormone deficiency_3.0	HGNC:11596	483
R159.1_Pituitary hormone deficiency_P	Pituitary hormone deficiency_3.0	HGNC:15736	483
R159.1_Pituitary hormone deficiency_P	Pituitary hormone deficiency_3.0	HGNC:15836	483
R159.1_Pituitary hormone deficiency_P	Pituitary hormone deficiency_3.0	HGNC:16268	483
R159.1_Pituitary hormone deficiency_P	Pituitary hormone deficiency_3.0	HGNC:18666	483
R159.1_Pituitary hormone deficiency_P	Pituitary hormone deficiency_3.0	HGNC:20626	483
R159.1_Pituitary hormone deficiency_P	Pituitary hormone deficiency_3.0	HGNC:21485	483
R159.1_Pituitary hormone deficiency_P	Pituitary hormone deficiency_3.0	HGNC:21734	483
R159.1_Pituitary hormone deficiency_P	Pituitary hormone deficiency_3.0	HGNC:3686	483
R159.1_Pituitary hormone deficiency_P	Pituitary hormone deficiency_3.0	HGNC:3688	483
R159.1_Pituitary hormone deficiency_P	Pituitary hormone deficiency_3.0	HGNC:4261	483
R159.1_Pituitary hormone deficiency_P	Pituitary hormone deficiency_3.0	HGNC:4263	483
R159.1_Pituitary hormone deficiency_P	Pituitary hormone deficiency_3.0	HGNC:4266	483
R159.1_Pituitary hormone deficiency_P	Pituitary hormone deficiency_3.0	HGNC:4267	483
R159.1_Pituitary hormone deficiency_P	Pituitary hormone deficiency_3.0	HGNC:4318	483
R159.1_Pituitary hormone deficiency_P	Pituitary hormone deficiency_3.0	HGNC:4319	483
R159.1_Pituitary hormone deficiency_P	Pituitary hormone deficiency_3.0	HGNC:4421	483
R159.1_Pituitary hormone deficiency_P	Pituitary hormone deficiency_3.0	HGNC:4877	483
R159.1_Pituitary hormone deficiency_P	Pituitary hormone deficiency_3.0	HGNC:5022	483
R159.1_Pituitary hormone deficiency_P	Pituitary hormone deficiency_3.0	HGNC:5948	483
R159.1_Pituitary hormone deficiency_P	Pituitary hormone deficiency_3.0	HGNC:6595	483
R159.1_Pituitary hormone deficiency_P	Pituitary hormone deficiency_3.0	HGNC:8522	483
R159.1_Pituitary hormone deficiency_P	Pituitary hormone deficiency_3.0	HGNC:9005	483
R159.1_Pituitary hormone deficiency_P	Pituitary hormone deficiency_3.0	HGNC:9210	483
R159.1_Pituitary hormone deficiency_P	Pituitary hormone deficiency_3.0	HGNC:9455	483
R159.2_Pituitary hormone deficiency_P	Pituitary hormone deficiency_3.0	HGNC:1097	483
R159.2_Pituitary hormone deficiency_P	Pituitary hormone deficiency_3.0	HGNC:11195	483
R159.2_Pituitary hormone deficiency_P	Pituitary hormone deficiency_3.0	HGNC:11199	483
R159.2_Pituitary hormone deficiency_P	Pituitary hormone deficiency_3.0	HGNC:1133	483
R159.2_Pituitary hormone deficiency_P	Pituitary hormone deficiency_3.0	HGNC:11596	483
R159.2_Pituitary hormone deficiency_P	Pituitary hormone deficiency_3.0	HGNC:15736	483
R159.2_Pituitary hormone deficiency_P	Pituitary hormone deficiency_3.0	HGNC:15836	483
R159.2_Pituitary hormone deficiency_P	Pituitary hormone deficiency_3.0	HGNC:16268	483
R159.2_Pituitary hormone deficiency_P	Pituitary hormone deficiency_3.0	HGNC:18666	483
R159.2_Pituitary hormone deficiency_P	Pituitary hormone deficiency_3.0	HGNC:20626	483
R159.2_Pituitary hormone deficiency_P	Pituitary hormone deficiency_3.0	HGNC:21485	483
R159.2_Pituitary hormone deficiency_P	Pituitary hormone deficiency_3.0	HGNC:21734	483
R159.2_Pituitary hormone deficiency_P	Pituitary hormone deficiency_3.0	HGNC:3686	483
R159.2_Pituitary hormone deficiency_P	Pituitary hormone deficiency_3.0	HGNC:3688	483
R159.2_Pituitary hormone deficiency_P	Pituitary hormone deficiency_3.0	HGNC:4261	483
R159.2_Pituitary hormone deficiency_P	Pituitary hormone deficiency_3.0	HGNC:4263	483
R159.2_Pituitary hormone deficiency_P	Pituitary hormone deficiency_3.0	HGNC:4266	483
R159.2_Pituitary hormone deficiency_P	Pituitary hormone deficiency_3.0	HGNC:4267	483
R159.2_Pituitary hormone deficiency_P	Pituitary hormone deficiency_3.0	HGNC:4318	483
R159.2_Pituitary hormone deficiency_P	Pituitary hormone deficiency_3.0	HGNC:4319	483
R159.2_Pituitary hormone deficiency_P	Pituitary hormone deficiency_3.0	HGNC:4421	483
R159.2_Pituitary hormone deficiency_P	Pituitary hormone deficiency_3.0	HGNC:4877	483
R159.2_Pituitary hormone deficiency_P	Pituitary hormone deficiency_3.0	HGNC:5022	483
R159.2_Pituitary hormone deficiency_P	Pituitary hormone deficiency_3.0	HGNC:5948	483
R159.2_Pituitary hormone deficiency_P	Pituitary hormone deficiency_3.0	HGNC:6595	483
R159.2_Pituitary hormone deficiency_P	Pituitary hormone deficiency_3.0	HGNC:8522	483
R159.2_Pituitary hormone deficiency_P	Pituitary hormone deficiency_3.0	HGNC:9005	483
R159.2_Pituitary hormone deficiency_P	Pituitary hormone deficiency_3.0	HGNC:9210	483
R159.2_Pituitary hormone deficiency_P	Pituitary hormone deficiency_3.0	HGNC:9455	483
R160.1_Primary pigmented nodular adrenocortical disease_P	Primary pigmented nodular adrenocortical disease_1.2	HGNC:25781	566
R160.1_Primary pigmented nodular adrenocortical disease_P	Primary pigmented nodular adrenocortical disease_1.2	HGNC:8773	566
R160.1_Primary pigmented nodular adrenocortical disease_P	Primary pigmented nodular adrenocortical disease_1.2	HGNC:8794	566
R160.1_Primary pigmented nodular adrenocortical disease_P	Primary pigmented nodular adrenocortical disease_1.2	HGNC:9388	566
R160.2_Primary pigmented nodular adrenocortical disease_P	Primary pigmented nodular adrenocortical disease_1.2	HGNC:25781	566
R160.2_Primary pigmented nodular adrenocortical disease_P	Primary pigmented nodular adrenocortical disease_1.2	HGNC:8773	566
R160.2_Primary pigmented nodular adrenocortical disease_P	Primary pigmented nodular adrenocortical disease_1.2	HGNC:8794	566
R160.2_Primary pigmented nodular adrenocortical disease_P	Primary pigmented nodular adrenocortical disease_1.2	HGNC:9388	566
R182.1_Hyperthyroidism_P	Hyperthyroidism_3.0	HGNC:10923	236
R182.1_Hyperthyroidism_P	Hyperthyroidism_3.0	HGNC:11796	236
R182.1_Hyperthyroidism_P	Hyperthyroidism_3.0	HGNC:11799	236
R182.1_Hyperthyroidism_P	Hyperthyroidism_3.0	HGNC:12373	236
R182.1_Hyperthyroidism_P	Hyperthyroidism_3.0	HGNC:12405	236
R182.1_Hyperthyroidism_P	Hyperthyroidism_3.0	HGNC:30972	236
R182.1_Hyperthyroidism_P	Hyperthyroidism_3.0	HGNC:399	236
R182.2_Hyperthyroidism_P	Hyperthyroidism_3.0	HGNC:10923	236
R182.2_Hyperthyroidism_P	Hyperthyroidism_3.0	HGNC:11796	236
R182.2_Hyperthyroidism_P	Hyperthyroidism_3.0	HGNC:11799	236
R182.2_Hyperthyroidism_P	Hyperthyroidism_3.0	HGNC:12373	236
R182.2_Hyperthyroidism_P	Hyperthyroidism_3.0	HGNC:12405	236
R182.2_Hyperthyroidism_P	Hyperthyroidism_3.0	HGNC:30972	236
R182.2_Hyperthyroidism_P	Hyperthyroidism_3.0	HGNC:399	236
R184.2_Cystic fibrosis diagnostic test_G	Cystic fibrosis diagnostic test_1.0	HGNC:1884	1318
R184.3_Cystic fibrosis diagnostic test_P	Cystic fibrosis diagnostic test_1.0	HGNC:1884	1318
R207.1_Inherited ovarian cancer (without breast cancer)_P	Inherited ovarian cancer (without breast cancer)_4.0	HGNC:1100	143
R207.1_Inherited ovarian cancer (without breast cancer)_P	Inherited ovarian cancer (without breast cancer)_4.0	HGNC:1101	143
R207.1_Inherited ovarian cancer (without breast cancer)_P	Inherited ovarian cancer (without breast cancer)_4.0	HGNC:20473	143
R207.1_Inherited ovarian cancer (without breast cancer)_P	Inherited ovarian cancer (without breast cancer)_4.0	HGNC:26144	143
R207.1_Inherited ovarian cancer (without breast cancer)_P	Inherited ovarian cancer (without breast cancer)_4.0	HGNC:7127	143
R207.1_Inherited ovarian cancer (without breast cancer)_P	Inherited ovarian cancer (without breast cancer)_4.0	HGNC:7325	143
R207.1_Inherited ovarian cancer (without breast cancer)_P	Inherited ovarian cancer (without breast cancer)_4.0	HGNC:7329	143
R207.1_Inherited ovarian cancer (without breast cancer)_P	Inherited ovarian cancer (without breast cancer)_4.0	HGNC:9820	143
R207.1_Inherited ovarian cancer (without breast cancer)_P	Inherited ovarian cancer (without breast cancer)_4.0	HGNC:9823	143
R207.2_Inherited ovarian cancer (without breast cancer)_P	Inherited ovarian cancer (without breast cancer)_4.0	HGNC:1100	143
R207.2_Inherited ovarian cancer (without breast cancer)_P	Inherited ovarian cancer (without breast cancer)_4.0	HGNC:1101	143
R207.2_Inherited ovarian cancer (without breast cancer)_P	Inherited ovarian cancer (without breast cancer)_4.0	HGNC:20473	143
R207.2_Inherited ovarian cancer (without breast cancer)_P	Inherited ovarian cancer (without breast cancer)_4.0	HGNC:26144	143
R207.2_Inherited ovarian cancer (without breast cancer)_P	Inherited ovarian cancer (without breast cancer)_4.0	HGNC:7127	143
R207.2_Inherited ovarian cancer (without breast cancer)_P	Inherited ovarian cancer (without breast cancer)_4.0	HGNC:7325	143
R207.2_Inherited ovarian cancer (without breast cancer)_P	Inherited ovarian cancer (without breast cancer)_4.0	HGNC:7329	143
R207.2_Inherited ovarian cancer (without breast cancer)_P	Inherited ovarian cancer (without breast cancer)_4.0	HGNC:9820	143
R207.2_Inherited ovarian cancer (without breast cancer)_P	Inherited ovarian cancer (without breast cancer)_4.0	HGNC:9823	143
R208.1_Inherited breast cancer and ovarian cancer_P	Inherited breast cancer and ovarian cancer_2.5	HGNC:1100	635
R208.1_Inherited breast cancer and ovarian cancer_P	Inherited breast cancer and ovarian cancer_2.5	HGNC:1101	635
R208.1_Inherited breast cancer and ovarian cancer_P	Inherited breast cancer and ovarian cancer_2.5	HGNC:16627	635
R208.1_Inherited breast cancer and ovarian cancer_P	Inherited breast cancer and ovarian cancer_2.5	HGNC:26144	635
R208.1_Inherited breast cancer and ovarian cancer_P	Inherited breast cancer and ovarian cancer_2.5	HGNC:795	635
R208.1_Inherited breast cancer and ovarian cancer_P	Inherited breast cancer and ovarian cancer_2.5	HGNC:9820	635
R208.1_Inherited breast cancer and ovarian cancer_P	Inherited breast cancer and ovarian cancer_2.5	HGNC:9823	635
R208.2_Inherited breast cancer and ovarian cancer_P	Inherited breast cancer and ovarian cancer_2.5	HGNC:1100	635
R208.2_Inherited breast cancer and ovarian cancer_P	Inherited breast cancer and ovarian cancer_2.5	HGNC:1101	635
R208.2_Inherited breast cancer and ovarian cancer_P	Inherited breast cancer and ovarian cancer_2.5	HGNC:16627	635
R208.2_Inherited breast cancer and ovarian cancer_P	Inherited breast cancer and ovarian cancer_2.5	HGNC:26144	635
R208.2_Inherited breast cancer and ovarian cancer_P	Inherited breast cancer and ovarian cancer_2.5	HGNC:795	635
R208.2_Inherited breast cancer and ovarian cancer_P	Inherited breast cancer and ovarian cancer_2.5	HGNC:9820	635
R208.2_Inherited breast cancer and ovarian cancer_P	Inherited breast cancer and ovarian cancer_2.5	HGNC:9823	635
R210.2_Inherited MMR deficiency (Lynch syndrome)_P	Inherited MMR deficiency (Lynch syndrome)_1.2	HGNC:11529	503
R210.2_Inherited MMR deficiency (Lynch syndrome)_P	Inherited MMR deficiency (Lynch syndrome)_1.2	HGNC:7127	503
R210.2_Inherited MMR deficiency (Lynch syndrome)_P	Inherited MMR deficiency (Lynch syndrome)_1.2	HGNC:7325	503
R210.2_Inherited MMR deficiency (Lynch syndrome)_P	Inherited MMR deficiency (Lynch syndrome)_1.2	HGNC:7329	503
R210.2_Inherited MMR deficiency (Lynch syndrome)_P	Inherited MMR deficiency (Lynch syndrome)_1.2	HGNC:9122	503
R210.5_Inherited MMR deficiency (Lynch syndrome)_P	Inherited MMR deficiency (Lynch syndrome)_1.2	HGNC:11529	503
R210.5_Inherited MMR deficiency (Lynch syndrome)_P	Inherited MMR deficiency (Lynch syndrome)_1.2	HGNC:7127	503
R210.5_Inherited MMR deficiency (Lynch syndrome)_P	Inherited MMR deficiency (Lynch syndrome)_1.2	HGNC:7325	503
R210.5_Inherited MMR deficiency (Lynch syndrome)_P	Inherited MMR deficiency (Lynch syndrome)_1.2	HGNC:7329	503
R210.5_Inherited MMR deficiency (Lynch syndrome)_P	Inherited MMR deficiency (Lynch syndrome)_1.2	HGNC:9122	503
R211.1_Inherited polyposis and early onset colorectal cancer - germline testing_P	HGNC:2001_SG_panel_1.0.0	HGNC:2001	
R211.1_Inherited polyposis and early onset colorectal cancer - germline testing_P	Inherited polyposis and early onset colorectal cancer - germline testing_2.0	HGNC:1076	504
R211.1_Inherited polyposis and early onset colorectal cancer - germline testing_P	Inherited polyposis and early onset colorectal cancer - germline testing_2.0	HGNC:11389	504
R211.1_Inherited polyposis and early onset colorectal cancer - germline testing_P	Inherited polyposis and early onset colorectal cancer - germline testing_2.0	HGNC:11529	504
R211.1_Inherited polyposis and early onset colorectal cancer - germline testing_P	Inherited polyposis and early onset colorectal cancer - germline testing_2.0	HGNC:18505	504
R211.1_Inherited polyposis and early onset colorectal cancer - germline testing_P	Inherited polyposis and early onset colorectal cancer - germline testing_2.0	HGNC:583	504
R211.1_Inherited polyposis and early onset colorectal cancer - germline testing_P	Inherited polyposis and early onset colorectal cancer - germline testing_2.0	HGNC:6770	504
R211.1_Inherited polyposis and early onset colorectal cancer - germline testing_P	Inherited polyposis and early onset colorectal cancer - germline testing_2.0	HGNC:7127	504
R211.1_Inherited polyposis and early onset colorectal cancer - germline testing_P	Inherited polyposis and early onset colorectal cancer - germline testing_2.0	HGNC:7325	504
R211.1_Inherited polyposis and early onset colorectal cancer - germline testing_P	Inherited polyposis and early onset colorectal cancer - germline testing_2.0	HGNC:7329	504
R211.1_Inherited polyposis and early onset colorectal cancer - germline testing_P	Inherited polyposis and early onset colorectal cancer - germline testing_2.0	HGNC:7527	504
R211.1_Inherited polyposis and early onset colorectal cancer - germline testing_P	Inherited polyposis and early onset colorectal cancer - germline testing_2.0	HGNC:8028	504
R211.1_Inherited polyposis and early onset colorectal cancer - germline testing_P	Inherited polyposis and early onset colorectal cancer - germline testing_2.0	HGNC:9122	504
R211.1_Inherited polyposis and early onset colorectal cancer - germline testing_P	Inherited polyposis and early onset colorectal cancer - germline testing_2.0	HGNC:9175	504
R211.1_Inherited polyposis and early onset colorectal cancer - germline testing_P	Inherited polyposis and early onset colorectal cancer - germline testing_2.0	HGNC:9177	504
R211.1_Inherited polyposis and early onset colorectal cancer - germline testing_P	Inherited polyposis and early onset colorectal cancer - germline testing_2.0	HGNC:9588	504
R211.2_Inherited polyposis and early onset colorectal cancer - germline testing_P	Inherited polyposis and early onset colorectal cancer - germline testing_2.0	HGNC:1076	504
R211.2_Inherited polyposis and early onset colorectal cancer - germline testing_P	Inherited polyposis and early onset colorectal cancer - germline testing_2.0	HGNC:11389	504
R211.2_Inherited polyposis and early onset colorectal cancer - germline testing_P	Inherited polyposis and early onset colorectal cancer - germline testing_2.0	HGNC:11529	504
R211.2_Inherited polyposis and early onset colorectal cancer - germline testing_P	Inherited polyposis and early onset colorectal cancer - germline testing_2.0	HGNC:18505	504
R211.2_Inherited polyposis and early onset colorectal cancer - germline testing_P	Inherited polyposis and early onset colorectal cancer - germline testing_2.0	HGNC:583	504
R211.2_Inherited polyposis and early onset colorectal cancer - germline testing_P	Inherited polyposis and early onset colorectal cancer - germline testing_2.0	HGNC:6770	504
R211.2_Inherited polyposis and early onset colorectal cancer - germline testing_P	Inherited polyposis and early onset colorectal cancer - germline testing_2.0	HGNC:7127	504
R211.2_Inherited polyposis and early onset colorectal cancer - germline testing_P	Inherited polyposis and early onset colorectal cancer - germline testing_2.0	HGNC:7325	504
R211.2_Inherited polyposis and early onset colorectal cancer - germline testing_P	Inherited polyposis and early onset colorectal cancer - germline testing_2.0	HGNC:7329	504
R211.2_Inherited polyposis and early onset colorectal cancer - germline testing_P	Inherited polyposis and early onset colorectal cancer - germline testing_2.0	HGNC:7527	504
R211.2_Inherited polyposis and early onset colorectal cancer - germline testing_P	Inherited polyposis and early onset colorectal cancer - germline testing_2.0	HGNC:8028	504
R211.2_Inherited polyposis and early onset colorectal cancer - germline testing_P	Inherited polyposis and early onset colorectal cancer - germline testing_2.0	HGNC:9122	504
R211.2_Inherited polyposis and early onset colorectal cancer - germline testing_P	Inherited polyposis and early onset colorectal cancer - germline testing_2.0	HGNC:9175	504
R211.2_Inherited polyposis and early onset colorectal cancer - germline testing_P	Inherited polyposis and early onset colorectal cancer - germline testing_2.0	HGNC:9177	504
R211.2_Inherited polyposis and early onset colorectal cancer - germline testing_P	Inherited polyposis and early onset colorectal cancer - germline testing_2.0	HGNC:9588	504
R217.1_Endocrine neoplasia_P	Endocrine neoplasia_3.0	HGNC:12687	648
R217.1_Endocrine neoplasia_P	Endocrine neoplasia_3.0	HGNC:16783	648
R217.1_Endocrine neoplasia_P	Endocrine neoplasia_3.0	HGNC:1785	648
R217.1_Endocrine neoplasia_P	Endocrine neoplasia_3.0	HGNC:358	648
R217.1_Endocrine neoplasia_P	Endocrine neoplasia_3.0	HGNC:7010	648
R217.1_Endocrine neoplasia_P	Endocrine neoplasia_3.0	HGNC:9388	648
R217.1_Endocrine neoplasia_P	Endocrine neoplasia_3.0	HGNC:9967	648
R217.2_Endocrine neoplasia_P	Endocrine neoplasia_3.0	HGNC:12687	648
R217.2_Endocrine neoplasia_P	Endocrine neoplasia_3.0	HGNC:16783	648
R217.2_Endocrine neoplasia_P	Endocrine neoplasia_3.0	HGNC:1785	648
R217.2_Endocrine neoplasia_P	Endocrine neoplasia_3.0	HGNC:358	648
R217.2_Endocrine neoplasia_P	Endocrine neoplasia_3.0	HGNC:7010	648
R217.2_Endocrine neoplasia_P	Endocrine neoplasia_3.0	HGNC:9388	648
R217.2_Endocrine neoplasia_P	Endocrine neoplasia_3.0	HGNC:9967	648
R218.1_Multiple endocrine neoplasia type 2_G	Multiple endocrine neoplasia type 2_1.0	HGNC:9967	1366
R222.1_Neurofibromatosis type 1_P	Neurofibromatosis type 1 (GMS)_1.0	HGNC:20249	1370
R222.1_Neurofibromatosis type 1_P	Neurofibromatosis type 1 (GMS)_1.0	HGNC:7765	1370
R222.2_Neurofibromatosis type 1_P	Neurofibromatosis type 1 (GMS)_1.0	HGNC:20249	1370
R222.2_Neurofibromatosis type 1_P	Neurofibromatosis type 1 (GMS)_1.0	HGNC:7765	1370
R223.1_Inherited phaeochromocytoma and paraganglioma excluding NF1_P	Inherited phaeochromocytoma and paraganglioma excluding NF1_2.0	HGNC:10680	649
R223.1_Inherited phaeochromocytoma and paraganglioma excluding NF1_P	Inherited phaeochromocytoma and paraganglioma excluding NF1_2.0	HGNC:10681	649
R223.1_Inherited phaeochromocytoma and paraganglioma excluding NF1_P	Inherited phaeochromocytoma and paraganglioma excluding NF1_2.0	HGNC:10682	649
R223.1_Inherited phaeochromocytoma and paraganglioma excluding NF1_P	Inherited phaeochromocytoma and paraganglioma excluding NF1_2.0	HGNC:10683	649
R223.1_Inherited phaeochromocytoma and paraganglioma excluding NF1_P	Inherited phaeochromocytoma and paraganglioma excluding NF1_2.0	HGNC:10981	649
R223.1_Inherited phaeochromocytoma and paraganglioma excluding NF1_P	Inherited phaeochromocytoma and paraganglioma excluding NF1_2.0	HGNC:12687	649
R223.1_Inherited phaeochromocytoma and paraganglioma excluding NF1_P	Inherited phaeochromocytoma and paraganglioma excluding NF1_2.0	HGNC:26034	649
R223.1_Inherited phaeochromocytoma and paraganglioma excluding NF1_P	Inherited phaeochromocytoma and paraganglioma excluding NF1_2.0	HGNC:26038	649
R223.1_Inherited phaeochromocytoma and paraganglioma excluding NF1_P	Inherited phaeochromocytoma and paraganglioma excluding NF1_2.0	HGNC:2911	649
R223.1_Inherited phaeochromocytoma and paraganglioma excluding NF1_P	Inherited phaeochromocytoma and paraganglioma excluding NF1_2.0	HGNC:3700	649
R223.1_Inherited phaeochromocytoma and paraganglioma excluding NF1_P	Inherited phaeochromocytoma and paraganglioma excluding NF1_2.0	HGNC:6913	649
R223.1_Inherited phaeochromocytoma and paraganglioma excluding NF1_P	Inherited phaeochromocytoma and paraganglioma excluding NF1_2.0	HGNC:6971	649
R223.1_Inherited phaeochromocytoma and paraganglioma excluding NF1_P	Inherited phaeochromocytoma and paraganglioma excluding NF1_2.0	HGNC:7010	649
R223.1_Inherited phaeochromocytoma and paraganglioma excluding NF1_P	Inherited phaeochromocytoma and paraganglioma excluding NF1_2.0	HGNC:9967	649
R223.2_Inherited phaeochromocytoma and paraganglioma excluding NF1_P	Inherited phaeochromocytoma and paraganglioma excluding NF1_2.0	HGNC:10680	649
R223.2_Inherited phaeochromocytoma and paraganglioma excluding NF1_P	Inherited phaeochromocytoma and paraganglioma excluding NF1_2.0	HGNC:10681	649
R223.2_Inherited phaeochromocytoma and paraganglioma excluding NF1_P	Inherited phaeochromocytoma and paraganglioma excluding NF1_2.0	HGNC:10682	649
R223.2_Inherited phaeochromocytoma and paraganglioma excluding NF1_P	Inherited phaeochromocytoma and paraganglioma excluding NF1_2.0	HGNC:10683	649
R223.2_Inherited phaeochromocytoma and paraganglioma excluding NF1_P	Inherited phaeochromocytoma and paraganglioma excluding NF1_2.0	HGNC:10981	649
R223.2_Inherited phaeochromocytoma and paraganglioma excluding NF1_P	Inherited phaeochromocytoma and paraganglioma excluding NF1_2.0	HGNC:12687	649
R223.2_Inherited phaeochromocytoma and paraganglioma excluding NF1_P	Inherited phaeochromocytoma and paraganglioma excluding NF1_2.0	HGNC:26034	649
R223.2_Inherited phaeochromocytoma and paraganglioma excluding NF1_P	Inherited phaeochromocytoma and paraganglioma excluding NF1_2.0	HGNC:26038	649
R223.2_Inherited phaeochromocytoma and paraganglioma excluding NF1_P	Inherited phaeochromocytoma and paraganglioma excluding NF1_2.0	HGNC:2911	649
R223.2_Inherited phaeochromocytoma and paraganglioma excluding NF1_P	Inherited phaeochromocytoma and paraganglioma excluding NF1_2.0	HGNC:3700	649
R223.2_Inherited phaeochromocytoma and paraganglioma excluding NF1_P	Inherited phaeochromocytoma and paraganglioma excluding NF1_2.0	HGNC:6913	649
R223.2_Inherited phaeochromocytoma and paraganglioma excluding NF1_P	Inherited phaeochromocytoma and paraganglioma excluding NF1_2.0	HGNC:6971	649
R223.2_Inherited phaeochromocytoma and paraganglioma excluding NF1_P	Inherited phaeochromocytoma and paraganglioma excluding NF1_2.0	HGNC:7010	649
R223.2_Inherited phaeochromocytoma and paraganglioma excluding NF1_P	Inherited phaeochromocytoma and paraganglioma excluding NF1_2.0	HGNC:9967	649
R226.1_Inherited parathyroid cancer_G	Inherited parathyroid cancer_1.0	HGNC:16783	1348
R228.1_Tuberous sclerosis_P	Tuberous sclerosis_1.0	HGNC:12362	1400
R228.1_Tuberous sclerosis_P	Tuberous sclerosis_1.0	HGNC:12363	1400
R228.2_Tuberous sclerosis_P	Tuberous sclerosis_1.0	HGNC:12362	1400
R228.2_Tuberous sclerosis_P	Tuberous sclerosis_1.0	HGNC:12363	1400
R228.3_Tuberous sclerosis_P	Tuberous sclerosis_1.0	HGNC:12362	1400
R228.3_Tuberous sclerosis_P	Tuberous sclerosis_1.0	HGNC:12363	1400
R25.1_Thanatophoric dysplasia_G	Thanatophoric dysplasia_1.0	HGNC:3690	1398
R293.1_Albright hereditary osteodystrophy, pseudohypoparathyroidism, pseudopseudohypoparathyroidism, acrodysostosis and osteoma cutis_P	HGNC:11431_SG_panel_1.0.0	HGNC:11431	
R293.1_Albright hereditary osteodystrophy, pseudohypoparathyroidism, pseudopseudohypoparathyroidism, acrodysostosis and osteoma cutis_P	HGNC:11431_SG_panel_1.0.0	HGNC:4392	
R293.1_Albright hereditary osteodystrophy, pseudohypoparathyroidism, pseudopseudohypoparathyroidism, acrodysostosis and osteoma cutis_P	HGNC:11431_SG_panel_1.0.0	HGNC:8783	
R293.1_Albright hereditary osteodystrophy, pseudohypoparathyroidism, pseudopseudohypoparathyroidism, acrodysostosis and osteoma cutis_P	HGNC:11431_SG_panel_1.0.0	HGNC:9388	
R293.1_Albright hereditary osteodystrophy, pseudohypoparathyroidism, pseudopseudohypoparathyroidism, acrodysostosis and osteoma cutis_P	HGNC:4392_SG_panel_1.0.0	HGNC:4392	
R293.1_Albright hereditary osteodystrophy, pseudohypoparathyroidism, pseudopseudohypoparathyroidism, acrodysostosis and osteoma cutis_P	HGNC:8783_SG_panel_1.0.0	HGNC:4392	
R293.1_Albright hereditary osteodystrophy, pseudohypoparathyroidism, pseudopseudohypoparathyroidism, acrodysostosis and osteoma cutis_P	HGNC:8783_SG_panel_1.0.0	HGNC:8783	
R293.1_Albright hereditary osteodystrophy, pseudohypoparathyroidism, pseudopseudohypoparathyroidism, acrodysostosis and osteoma cutis_P	HGNC:8783_SG_panel_1.0.0	HGNC:9388	
R293.1_Albright hereditary osteodystrophy, pseudohypoparathyroidism, pseudopseudohypoparathyroidism, acrodysostosis and osteoma cutis_P	HGNC:9388_SG_panel_1.0.0	HGNC:4392	
R293.1_Albright hereditary osteodystrophy, pseudohypoparathyroidism, pseudopseudohypoparathyroidism, acrodysostosis and osteoma cutis_P	HGNC:9388_SG_panel_1.0.0	HGNC:9388	
R293.3_Albright hereditary osteodystrophy, pseudohypoparathyroidism, pseudopseudohypoparathyroidism, acrodysostosis and osteoma cutis_P	HGNC:11431_SG_panel_1.0.0	HGNC:11431	
R293.3_Albright hereditary osteodystrophy, pseudohypoparathyroidism, pseudopseudohypoparathyroidism, acrodysostosis and osteoma cutis_P	HGNC:11431_SG_panel_1.0.0	HGNC:4392	
R293.3_Albright hereditary osteodystrophy, pseudohypoparathyroidism, pseudopseudohypoparathyroidism, acrodysostosis and osteoma cutis_P	HGNC:11431_SG_panel_1.0.0	HGNC:8783	
R293.3_Albright hereditary osteodystrophy, pseudohypoparathyroidism, pseudopseudohypoparathyroidism, acrodysostosis and osteoma cutis_P	HGNC:11431_SG_panel_1.0.0	HGNC:9388	
R293.3_Albright hereditary osteodystrophy, pseudohypoparathyroidism, pseudopseudohypoparathyroidism, acrodysostosis and osteoma cutis_P	HGNC:4392_SG_panel_1.0.0	HGNC:4392	
R293.3_Albright hereditary osteodystrophy, pseudohypoparathyroidism, pseudopseudohypoparathyroidism, acrodysostosis and osteoma cutis_P	HGNC:8783_SG_panel_1.0.0	HGNC:4392	
R293.3_Albright hereditary osteodystrophy, pseudohypoparathyroidism, pseudopseudohypoparathyroidism, acrodysostosis and osteoma cutis_P	HGNC:8783_SG_panel_1.0.0	HGNC:8783	
R293.3_Albright hereditary osteodystrophy, pseudohypoparathyroidism, pseudopseudohypoparathyroidism, acrodysostosis and osteoma cutis_P	HGNC:8783_SG_panel_1.0.0	HGNC:9388	
R293.3_Albright hereditary osteodystrophy, pseudohypoparathyroidism, pseudopseudohypoparathyroidism, acrodysostosis and osteoma cutis_P	HGNC:9388_SG_panel_1.0.0	HGNC:4392	
R293.3_Albright hereditary osteodystrophy, pseudohypoparathyroidism, pseudopseudohypoparathyroidism, acrodysostosis and osteoma cutis_P	HGNC:9388_SG_panel_1.0.0	HGNC:9388	
R329.1_Familial dysalbuminaemic hyperthyroxinaemia_G	Familial dysalbuminaemic hyperthyroxinaemia_1.0	HGNC:399	1333
R337.1_CADASIL_G	CADASIL_1.0	HGNC:7883	1311
R344.1_Primary hyperaldosteronism - KCNJ5_G	Primary hyperaldosteronism - KCNJ5_1.0	HGNC:6266	1380
R414.1_APC associated Polyposis_G	APC associated Polyposis_1.0	HGNC:583	1212
R414.2_APC associated Polyposis_P	APC associated Polyposis_1.0	HGNC:583	1212
R430.1_Inherited prostate cancer_P	Inherited prostate cancer_1.0	HGNC:1100	1223
R430.1_Inherited prostate cancer_P	Inherited prostate cancer_1.0	HGNC:1101	1223
R430.1_Inherited prostate cancer_P	Inherited prostate cancer_1.0	HGNC:16627	1223
R430.1_Inherited prostate cancer_P	Inherited prostate cancer_1.0	HGNC:26144	1223
R430.1_Inherited prostate cancer_P	Inherited prostate cancer_1.0	HGNC:7127	1223
R430.1_Inherited prostate cancer_P	Inherited prostate cancer_1.0	HGNC:7325	1223
R430.1_Inherited prostate cancer_P	Inherited prostate cancer_1.0	HGNC:7329	1223
R430.1_Inherited prostate cancer_P	Inherited prostate cancer_1.0	HGNC:795	1223
R430.2_Inherited prostate cancer_P	Inherited prostate cancer_1.0	HGNC:1100	1223
R430.2_Inherited prostate cancer_P	Inherited prostate cancer_1.0	HGNC:1101	1223
R430.2_Inherited prostate cancer_P	Inherited prostate cancer_1.0	HGNC:16627	1223
R430.2_Inherited prostate cancer_P	Inherited prostate cancer_1.0	HGNC:26144	1223
R430.2_Inherited prostate cancer_P	Inherited prostate cancer_1.0	HGNC:7127	1223
R430.2_Inherited prostate cancer_P	Inherited prostate cancer_1.0	HGNC:7325	1223
R430.2_Inherited prostate cancer_P	Inherited prostate cancer_1.0	HGNC:7329	1223
R430.2_Inherited prostate cancer_P	Inherited prostate cancer_1.0	HGNC:795	1223
R444.1_NICE approved PARP inhibitor treatment_P	HGNC:1100_SG_panel_1.0.0	HGNC:1100	
R444.1_NICE approved PARP inhibitor treatment_P	HGNC:1101_SG_panel_1.0.0	HGNC:1100	
R444.1_NICE approved PARP inhibitor treatment_P	HGNC:1101_SG_panel_1.0.0	HGNC:1101	
R444.1_NICE approved PARP inhibitor treatment_P	HGNC:16627_SG_panel_1.0.0	HGNC:1100	
R444.1_NICE approved PARP inhibitor treatment_P	HGNC:16627_SG_panel_1.0.0	HGNC:1101	
R444.1_NICE approved PARP inhibitor treatment_P	HGNC:16627_SG_panel_1.0.0	HGNC:16627	
R444.1_NICE approved PARP inhibitor treatment_P	HGNC:16627_SG_panel_1.0.0	HGNC:26144	
R444.1_NICE approved PARP inhibitor treatment_P	HGNC:16627_SG_panel_1.0.0	HGNC:795	
R444.1_NICE approved PARP inhibitor treatment_P	HGNC:16627_SG_panel_1.0.0	HGNC:9820	
R444.1_NICE approved PARP inhibitor treatment_P	HGNC:16627_SG_panel_1.0.0	HGNC:9823	
R444.1_NICE approved PARP inhibitor treatment_P	HGNC:26144_SG_panel_1.0.0	HGNC:1100	
R444.1_NICE approved PARP inhibitor treatment_P	HGNC:26144_SG_panel_1.0.0	HGNC:1101	
R444.1_NICE approved PARP inhibitor treatment_P	HGNC:26144_SG_panel_1.0.0	HGNC:26144	
R444.1_NICE approved PARP inhibitor treatment_P	HGNC:795_SG_panel_1.0.0	HGNC:1100	
R444.1_NICE approved PARP inhibitor treatment_P	HGNC:795_SG_panel_1.0.0	HGNC:1101	
R444.1_NICE approved PARP inhibitor treatment_P	HGNC:795_SG_panel_1.0.0	HGNC:26144	
R444.1_NICE approved PARP inhibitor treatment_P	HGNC:795_SG_panel_1.0.0	HGNC:795	
R444.1_NICE approved PARP inhibitor treatment_P	HGNC:795_SG_panel_1.0.0	HGNC:9820	
R444.1_NICE approved PARP inhibitor treatment_P	HGNC:795_SG_panel_1.0.0	HGNC:9823	
R444.1_NICE approved PARP inhibitor treatment_P	HGNC:9820_SG_panel_1.0.0	HGNC:1100	
R444.1_NICE approved PARP inhibitor treatment_P	HGNC:9820_SG_panel_1.0.0	HGNC:1101	
R444.1_NICE approved PARP inhibitor treatment_P	HGNC:9820_SG_panel_1.0.0	HGNC:26144	
R444.1_NICE approved PARP inhibitor treatment_P	HGNC:9820_SG_panel_1.0.0	HGNC:9820	
R444.1_NICE approved PARP inhibitor treatment_P	HGNC:9823_SG_panel_1.0.0	HGNC:1100	
R444.1_NICE approved PARP inhibitor treatment_P	HGNC:9823_SG_panel_1.0.0	HGNC:1101	
R444.1_NICE approved PARP inhibitor treatment_P	HGNC:9823_SG_panel_1.0.0	HGNC:26144	
R444.1_NICE approved PARP inhibitor treatment_P	HGNC:9823_SG_panel_1.0.0	HGNC:9820	
R444.1_NICE approved PARP inhibitor treatment_P	HGNC:9823_SG_panel_1.0.0	HGNC:9823	
R444.2_NICE approved PARP inhibitor treatment_P	HGNC:1100_SG_panel_1.0.0	HGNC:1100	
R444.2_NICE approved PARP inhibitor treatment_P	HGNC:1101_SG_panel_1.0.0	HGNC:1100	
R444.2_NICE approved PARP inhibitor treatment_P	HGNC:1101_SG_panel_1.0.0	HGNC:1101	
R444.3_NICE approved PARP inhibitor treatment_P	HGNC:1100_SG_panel_1.0.0	HGNC:1100	
R444.3_NICE approved PARP inhibitor treatment_P	HGNC:1101_SG_panel_1.0.0	HGNC:1100	
R444.3_NICE approved PARP inhibitor treatment_P	HGNC:1101_SG_panel_1.0.0	HGNC:1101	
R444.3_NICE approved PARP inhibitor treatment_P	HGNC:16627_SG_panel_1.0.0	HGNC:1100	
R444.3_NICE approved PARP inhibitor treatment_P	HGNC:16627_SG_panel_1.0.0	HGNC:1101	
R444.3_NICE approved PARP inhibitor treatment_P	HGNC:16627_SG_panel_1.0.0	HGNC:16627	
R444.3_NICE approved PARP inhibitor treatment_P	HGNC:16627_SG_panel_1.0.0	HGNC:26144	
R444.3_NICE approved PARP inhibitor treatment_P	HGNC:16627_SG_panel_1.0.0	HGNC:795	
R444.3_NICE approved PARP inhibitor treatment_P	HGNC:16627_SG_panel_1.0.0	HGNC:9820	
R444.3_NICE approved PARP inhibitor treatment_P	HGNC:16627_SG_panel_1.0.0	HGNC:9823	
R444.3_NICE approved PARP inhibitor treatment_P	HGNC:26144_SG_panel_1.0.0	HGNC:1100	
R444.3_NICE approved PARP inhibitor treatment_P	HGNC:26144_SG_panel_1.0.0	HGNC:1101	
R444.3_NICE approved PARP inhibitor treatment_P	HGNC:26144_SG_panel_1.0.0	HGNC:26144	
R444.3_NICE approved PARP inhibitor treatment_P	HGNC:795_SG_panel_1.0.0	HGNC:1100	
R444.3_NICE approved PARP inhibitor treatment_P	HGNC:795_SG_panel_1.0.0	HGNC:1101	
R444.3_NICE approved PARP inhibitor treatment_P	HGNC:795_SG_panel_1.0.0	HGNC:26144	
R444.3_NICE approved PARP inhibitor treatment_P	HGNC:795_SG_panel_1.0.0	HGNC:795	
R444.3_NICE approved PARP inhibitor treatment_P	HGNC:795_SG_panel_1.0.0	HGNC:9820	
R444.3_NICE approved PARP inhibitor treatment_P	HGNC:795_SG_panel_1.0.0	HGNC:9823	
R444.3_NICE approved PARP inhibitor treatment_P	HGNC:9820_SG_panel_1.0.0	HGNC:1100	
R444.3_NICE approved PARP inhibitor treatment_P	HGNC:9820_SG_panel_1.0.0	HGNC:1101	
R444.3_NICE approved PARP inhibitor treatment_P	HGNC:9820_SG_panel_1.0.0	HGNC:26144	
R444.3_NICE approved PARP inhibitor treatment_P	HGNC:9820_SG_panel_1.0.0	HGNC:9820	
R444.3_NICE approved PARP inhibitor treatment_P	HGNC:9823_SG_panel_1.0.0	HGNC:1100	
R444.3_NICE approved PARP inhibitor treatment_P	HGNC:9823_SG_panel_1.0.0	HGNC:1101	
R444.3_NICE approved PARP inhibitor treatment_P	HGNC:9823_SG_panel_1.0.0	HGNC:26144	
R444.3_NICE approved PARP inhibitor treatment_P	HGNC:9823_SG_panel_1.0.0	HGNC:9820	
R444.3_NICE approved PARP inhibitor treatment_P	HGNC:9823_SG_panel_1.0.0	HGNC:9823	
R45.1_Stickler syndrome_P	Stickler syndrome_4.0	HGNC:1071	3
R45.1_Stickler syndrome_P	Stickler syndrome_4.0	HGNC:15808	3
R45.1_Stickler syndrome_P	Stickler syndrome_4.0	HGNC:2186	3
R45.1_Stickler syndrome_P	Stickler syndrome_4.0	HGNC:2187	3
R45.1_Stickler syndrome_P	Stickler syndrome_4.0	HGNC:2200	3
R45.1_Stickler syndrome_P	Stickler syndrome_4.0	HGNC:2217	3
R45.1_Stickler syndrome_P	Stickler syndrome_4.0	HGNC:2218	3
R45.1_Stickler syndrome_P	Stickler syndrome_4.0	HGNC:2219	3
R45.1_Stickler syndrome_P	Stickler syndrome_4.0	HGNC:2464	3
R45.2_Stickler syndrome_P	Stickler syndrome_4.0	HGNC:1071	3
R45.2_Stickler syndrome_P	Stickler syndrome_4.0	HGNC:15808	3
R45.2_Stickler syndrome_P	Stickler syndrome_4.0	HGNC:2186	3
R45.2_Stickler syndrome_P	Stickler syndrome_4.0	HGNC:2187	3
R45.2_Stickler syndrome_P	Stickler syndrome_4.0	HGNC:2200	3
R45.2_Stickler syndrome_P	Stickler syndrome_4.0	HGNC:2217	3
R45.2_Stickler syndrome_P	Stickler syndrome_4.0	HGNC:2218	3
R45.2_Stickler syndrome_P	Stickler syndrome_4.0	HGNC:2219	3
R45.2_Stickler syndrome_P	Stickler syndrome_4.0	HGNC:2464	3
R49.3_Beckwith-Wiedemann syndrome_G	Beckwith-Wiedemann syndrome_1.0	HGNC:1786	1309
R66.1_Paroxysmal central nervous system disorders_P	Paroxysmal central nervous system disorders_3.0	HGNC:10585	541
R66.1_Paroxysmal central nervous system disorders_P	Paroxysmal central nervous system disorders_3.0	HGNC:10941	541
R66.1_Paroxysmal central nervous system disorders_P	Paroxysmal central nervous system disorders_3.0	HGNC:11005	541
R66.1_Paroxysmal central nervous system disorders_P	Paroxysmal central nervous system disorders_3.0	HGNC:11051	541
R66.1_Paroxysmal central nervous system disorders_P	Paroxysmal central nervous system disorders_3.0	HGNC:12643	541
R66.1_Paroxysmal central nervous system disorders_P	Paroxysmal central nervous system disorders_3.0	HGNC:1388	541
R66.1_Paroxysmal central nervous system disorders_P	Paroxysmal central nervous system disorders_3.0	HGNC:236	541
R66.1_Paroxysmal central nervous system disorders_P	Paroxysmal central nervous system disorders_3.0	HGNC:25903	541
R66.1_Paroxysmal central nervous system disorders_P	Paroxysmal central nervous system disorders_3.0	HGNC:2976	541
R66.1_Paroxysmal central nervous system disorders_P	Paroxysmal central nervous system disorders_3.0	HGNC:30500	541
R66.1_Paroxysmal central nervous system disorders_P	Paroxysmal central nervous system disorders_3.0	HGNC:4326	541
R66.1_Paroxysmal central nervous system disorders_P	Paroxysmal central nervous system disorders_3.0	HGNC:4329	541
R66.1_Paroxysmal central nervous system disorders_P	Paroxysmal central nervous system disorders_3.0	HGNC:6218	541
R66.1_Paroxysmal central nervous system disorders_P	Paroxysmal central nervous system disorders_3.0	HGNC:6284	541
R66.1_Paroxysmal central nervous system disorders_P	Paroxysmal central nervous system disorders_3.0	HGNC:6296	541
R66.1_Paroxysmal central nervous system disorders_P	Paroxysmal central nervous system disorders_3.0	HGNC:800	541
R66.1_Paroxysmal central nervous system disorders_P	Paroxysmal central nervous system disorders_3.0	HGNC:801	541
R66.1_Paroxysmal central nervous system disorders_P	Paroxysmal central nervous system disorders_3.0	HGNC:8772	541
R66.1_Paroxysmal central nervous system disorders_P	Paroxysmal central nervous system disorders_3.0	HGNC:9153	541
R66.2_Paroxysmal central nervous system disorders_P	Paroxysmal central nervous system disorders_3.0	HGNC:10585	541
R66.2_Paroxysmal central nervous system disorders_P	Paroxysmal central nervous system disorders_3.0	HGNC:10941	541
R66.2_Paroxysmal central nervous system disorders_P	Paroxysmal central nervous system disorders_3.0	HGNC:11005	541
R66.2_Paroxysmal central nervous system disorders_P	Paroxysmal central nervous system disorders_3.0	HGNC:11051	541
R66.2_Paroxysmal central nervous system disorders_P	Paroxysmal central nervous system disorders_3.0	HGNC:12643	541
R66.2_Paroxysmal central nervous system disorders_P	Paroxysmal central nervous system disorders_3.0	HGNC:1388	541
R66.2_Paroxysmal central nervous system disorders_P	Paroxysmal central nervous system disorders_3.0	HGNC:236	541
R66.2_Paroxysmal central nervous system disorders_P	Paroxysmal central nervous system disorders_3.0	HGNC:25903	541
R66.2_Paroxysmal central nervous system disorders_P	Paroxysmal central nervous system disorders_3.0	HGNC:2976	541
R66.2_Paroxysmal central nervous system disorders_P	Paroxysmal central nervous system disorders_3.0	HGNC:30500	541
R66.2_Paroxysmal central nervous system disorders_P	Paroxysmal central nervous system disorders_3.0	HGNC:4326	541
R66.2_Paroxysmal central nervous system disorders_P	Paroxysmal central nervous system disorders_3.0	HGNC:4329	541
R66.2_Paroxysmal central nervous system disorders_P	Paroxysmal central nervous system disorders_3.0	HGNC:6218	541
R66.2_Paroxysmal central nervous system disorders_P	Paroxysmal central nervous system disorders_3.0	HGNC:6284	541
R66.2_Paroxysmal central nervous system disorders_P	Paroxysmal central nervous system disorders_3.0	HGNC:6296	541
R66.2_Paroxysmal central nervous system disorders_P	Paroxysmal central nervous system disorders_3.0	HGNC:800	541
R66.2_Paroxysmal central nervous system disorders_P	Paroxysmal central nervous system disorders_3.0	HGNC:801	541
R66.2_Paroxysmal central nervous system disorders_P	Paroxysmal central nervous system disorders_3.0	HGNC:8772	541
R66.2_Paroxysmal central nervous system disorders_P	Paroxysmal central nervous system disorders_3.0	HGNC:9153	541
R73.1_Duchenne or Becker muscular dystrophy_G	Duchenne or Becker muscular dystrophy_1.0	HGNC:2928	1321
R73.2_Duchenne or Becker muscular dystrophy_P	Duchenne or Becker muscular dystrophy_1.0	HGNC:2928	1321
